AMP ID (DBAASPR),AMP ID (UniProt or APD),AMP Name,Source Organism,Target Species,Target interaction (what enzyme does AMP bind to? Targeting = blocking proteins normal function to weaken pathogen),Role of target enzyme (eg cell growth),Role of AMP (eg block ability to produce enzyme),AMP Sequence,Length (in amino acid),Comments,Status,PB AMP ID,"Codon-optimized sequence (https://www.genscript.com/tools/gensmart%2dcodon%2doptimization?page=1) no sites for bsaI, bbsI, sapI add BsmBI",Sequence with tags,Updated length (AA),Source DOI
DBAASPR_2742,Q9SPL4,Vicilin-like antimicrobial peptides 2-2,Macadamia integrifolia - Macadamia nut,Phytophthora cryptogea,No single enzyme; binds fungal cell wall/membrane leading to permeabilization.,Cell wall assembly & plasma-membrane integrity (disruption reduces growth/viability).,"binds the fungal cell wall/plasma membrane, permeabilizes it, leakage and inhibition of spore germination and hyphal growth",RQRDPQQQYEQCQERCQRHETEPRHMQTCQQRCERRYEKEKRKQQ,45.0,broad activity against oomycetes/fungi,shortlisted,AMP01,CGTCAGCGTGATCCGCAGCAGCAATATGAACAATGCCAAGAACGCTGTCAGCGGCATGAAACAGAACCTCGTCATATGCAGACCTGTCAGCAGCGCTGTGAACGTCGTTATGAGAAAGAAAAAAGAAAACAGCAG,GAAGACAACTGAGGTCTCATATGCGTCAGCGTGATCCGCAGCAGCAATATGAACAATGCCAAGAACGCTGTCAGCGGCATGAAACAGAACCTCGTCATATGCAGACCTGTCAGCAGCGCTGTGAACGTCGTTATGAGAAAGAAAAAAGAAAACAGCAGCGAATGAGACCCCTCTTGTCTTC,135,10.1046/j.1365-313x.1999.00569.x
DBAASPR_2743,NA,"Vicilin-like Antimicrobial peptide 2c-2, MiAMP2c-2",Macadamia integrifolia - Macadamia nut,Phytophthora cryptogea,"No single enzyme; interacts with fungal membranes/cell wall, causing permeabilization.",Cell wall integrity & membrane homeostasis (disruption impairs growth).,binds the fungal cell wall/plasma membrane,RQRDPQQQYEQCQERCQRHETEPRHMQTCQQRCERRYEKEKRKQQKR,47.0,broad activity against oomycetes/fungi,shortlisted,AMP02,AGGCAGCGTGATCCGCAACAGCAATATGAACAATGCCAGGAGCGCTGCCAAAGACACGAAACAGAGCCTCGGCATATGCAGACGTGTCAGCAGCGCTGTGAAAGACGTTACGAAAAAGAAAAGAGAAAACAACAAAAACGA,GAAGACAACTGAGGTCTCATATGAGGCAGCGTGATCCGCAACAGCAATATGAACAATGCCAGGAGCGCTGCCAAAGACACGAAACAGAGCCTCGGCATATGCAGACGTGTCAGCAGCGCTGTGAAAGACGTTACGAAAAAGAAAAGAGAAAACAACAAAAACGACGAATGAGACCCCTCTTGTCTTC,141,10.1046/j.1365-313x.1999.00569.x
,"P83403, 37546 (NCBI)",Cecropin,Glossina morsitans morsitans - Tsetse fly,Pythopthera Infestans,Membrane-active AMP; disrupts cytoplasmic membrane (pore formation).,Plasma-membrane integrity & ion homeostasis (loss of barrier function / PMF).,Phytophthora infestans being particularly sensitive to the shortened cecropin A peptides,MNFYKIFVFIALILALSVSQSEAGWLKKIGKKIERVGQNTRDATVKGLEVAQQAANVAATVRG,63.0,mode of action against several gram negative bacteria.b.subtilis able to secrete a different form but that form not found in uniprot (https://doi.org/10.1128/aac.00251-09),shortlisted,AMP03,ATGAATTTTTATAAAATTTTTGTTTTTATTGCTTTAATTCTGGCACTGAGCGTTAGCCAGTCAGAAGCAGGCTGGCTGAAAAAAATCGGAAAAAAGATCGAACGTGTTGGTCAAAATACAAGAGATGCAACCGTCAAAGGCCTTGAAGTGGCACAGCAGGCGGCAAACGTCGCCGCTACCGTTCGTGGT,GAAGACAACTGAGGTCTCATATGATGAATTTTTATAAAATTTTTGTTTTTATTGCTTTAATTCTGGCACTGAGCGTTAGCCAGTCAGAAGCAGGCTGGCTGAAAAAAATCGGAAAAAAGATCGAACGTGTTGGTCAAAATACAAGAGATGCAACCGTCAAAGGCCTTGAAGTGGCACAGCAGGCGGCAAACGTCGCCGCTACCGTTCGTGGTCGAATGAGACCCCTCTTGTCTTC,189,https://doi.org/10.3389/fpls.2020.01236
DBAASPR_8190,A0A023PUX9_LUCSE,"Lucimycin, LSer-AFP",Lucilia sericata - Common green bottle fly,Phytophthora parasitica,Cytoplasmic membrane permeabilization; no single enzyme target.,"Membrane integrity & cellular energetics (leakage, depolarization).","Inhibits fungal growth by binding cell wall components, chitin binding",QHGYGAGGHGQQGYGSQHSSHAPQGGHVVREQGFSGHVHEQQAGHHHEAGHHEQAGHHEQSGQQVHGQGHGYKSHGY,77.0,some activity against E. coli,shortlisted,AMP04,"CAGCACGGCTACGGAGCGGGCGGTCATGGCCAGCAAGGCTATGGCAGTCAGCATTCCAGCCATGCACCGCAAGGAGGCCATGTTGTGCGTGAACAAGGTTTTTCAGGACAT
GTCCATGAGCAGCAGGCTGGTCACCATCATGAAGCAGGTCACCACGAACAGGCCGGTCATCATGAACAGAGCGGTCAGCAGGTTCATGGTCAAGGGCACGGATATAAAAGC
CATGGTTAT","GAAGACAACTGAGGTCTCATATGCAGCACGGCTACGGAGCGGGCGGTCATGGCCAGCAAGGCTATGGCAGTCAGCATTCCAGCCATGCACCGCAAGGAGGCCATGTTGTGCGTGAACAAGGTTTTTCAGGACAT
GTCCATGAGCAGCAGGCTGGTCACCATCATGAAGCAGGTCACCACGAACAGGCCGGTCATCATGAACAGAGCGGTCAGCAGGTTCATGGTCAAGGGCACGGATATAAAAGC
CATGGTTATCGAATGAGACCCCTCTTGTCTTC",233,10.1515/hsz-2013-0263
DBAASPR_5144,Q7X9R9,Ee-CBP (Leaves),"Euonymus europaeus - European spindle
",Phytophthora cryptogea CBS418.71,Binds chitin/GlcNAc-oligomers and interacts with fungal membranes,Cell wall and membrane integrity,"Inhibits fungal growth by binding cell wall components, may also disrupt plasma membrane",QQCGRQAGNRRCPNNLCCSQFGYCGRTNEYCCTGFGCQSNCRRCG,45.0,disulfide bonds,shortlisted,AMP05,CAGCAATGCGGTAGACAGGCAGGAAACCGTCGTTGTCCGAATAATCTGTGTTGTTCACAATTTGGTTATTGTGGCCGTACAAATGAATATTGCTGCACCGGTTTTGGTTGTCAGAGCAACTGCCGCCGCTGCGGC,GAAGACAACTGAGGTCTCATATGCAGCAATGCGGTAGACAGGCAGGAAACCGTCGTTGTCCGAATAATCTGTGTTGTTCACAATTTGGTTATTGTGGCCGTACAAATGAATATTGCTGCACCGGTTTTGGTTGTCAGAGCAACTGCCGCCGCTGCGGCCGAATGAGACCCCTCTTGTCTTC,135,10.1007/s00425-004-1238-1
NA,P83597,Antifungal peptide 2,Eucommia ulmoides -  small tree native to China,Phytophthora infestans,chitin binding ,Membrane stability,PM disrupting,QTCASRCPRPCNAGLCCSIYGYCGSGAAYCGAGNCRCQCRG,41.0,disulfide bonds,shortlisted,AMP06,"CAGACCTGTGCAAGCCGTTGTCCGCGTCCGTGTAATGCAGGCCTGTGCTGTTCAATTTATGGCTATTGCGGAAGCGGTGCGGCATATTGTGGTGCCGGAAACTGCCGCTGCC
AATGCCGTGGT","GAAGACAACTGAGGTCTCATATGCAGACCTGTGCAAGCCGTTGTCCGCGTCCGTGTAATGCAGGCCTGTGCTGTTCAATTTATGGCTATTGCGGAAGCGGTGCGGCATATTGTGGTGCCGGAAACTGCCGCTGCC
AATGCCGTGGTCGAATGAGACCCCTCTTGTCTTC",124,https://doi.org/10.1016/S0014-5793(02)02829-6
NA,P83596,Antifungal peptide 1,Eucommia ulmoides -  small tree native to China,Phytophthora infestans,chitin binding ,Chitin-binding,"Binds chitin in the fungal cell wall and inhibits hyphal growth, activity is antagonized by Ca²⁺",QTCASRCPRPCNAGLCCSIYGYCGSGNAYCGAGNCRCQCR,40.0,"similar to the one above, 1aa difference",shortlisted,AMP07,"CAGACCTGTGCATCAAGATGTCCGCGTCCTTGTAATGCAGGTCTGTGTTGTAGCATTTATGGCTATTGCGGCAGCGGTAATGCCTACTGCGGAGCGGGTAACTGCCGCTGCC
AATGCCGT","GAAGACAACTGAGGTCTCATATGCAGACCTGTGCATCAAGATGTCCGCGTCCTTGTAATGCAGGTCTGTGTTGTAGCATTTATGGCTATTGCGGCAGCGGTAATGCCTACTGCGGAGCGGGTAACTGCCGCTGCC
AATGCCGTCGAATGAGACCCCTCTTGTCTTC",121,https://doi.org/10.1016/S0014-5793(02)02829-6
DBAASPR_3927,B3A0L3,Antimicrobial peptide EP-20,Xenorhabdus budapestensis,Phytophthora capsici,likely membrane disruption or intracellular target,Pathogenicity,Selectively inhibits P.capsidi growth,EGPVGLADPDGPASAPLGAP,20.0,small,shortlisted,AMP08,GAAGGTCCGGTTGGCCTGGCAGATCCAGATGGTCCGGCAAGCGCTCCGCTGGGTGCACCG,GAAGACAACTGAGGTCTCATATGGAAGGTCCGGTTGGCCTGGCAGATCCAGATGGTCCGGCAAGCGCTCCGCTGGGTGCACCGCGAATGAGACCCCTCTTGTCTTC,60,10.1016/j.peptides.2012.03.027
DBAASPR_1134,Q7Y238,Ee-CBP (bark),Euonymus europaeus - European spindle tree,Phytophthora cryptogea CBS418.71,"Binds to chitin and oligomers, disrupts fungal cell processes",Chitin-binding,"Inhibits fungal growth, affects hyphae morphology and germination",QQCGRQAGNRRCANNLCCSQYGYCGRTNEYCCTSQGCQSQCRRCG,45.0,5 disulfide bonds,shortlisted,AMP09,CAGCAGTGTGGTCGTCAGGCCGGTAACCGTCGTTGTGCAAATAATCTGTGCTGTTCACAATATGGTTACTGCGGCAGAACAAATGAATATTGTTGTACCAGCCAGGGCTGCCAAAGCCAATGCCGTCGCTGCGGA,GAAGACAACTGAGGTCTCATATGCAGCAGTGTGGTCGTCAGGCCGGTAACCGTCGTTGTGCAAATAATCTGTGCTGTTCACAATATGGTTACTGCGGCAGAACAAATGAATATTGTTGTACCAGCCAGGGCTGCCAAAGCCAATGCCGTCGCTGCGGACGAATGAGACCCCTCTTGTCTTC,135,10.1016/s0014-5793(02)03474-9
DBAASPR_3190,P86519,Defensin Ec-AMP-D2,Echinochloa crus-galli - Barnyard grass,Phytophthora infestans,Disrupts membrane (less potent than Ec-AMP-D1),Cytoplasmic membrane integrity,"Inhibits hyphal development, antifungal activity, does not induce morphological changes such as lysis of hyphae and sporangia in P.infestans",RECQSQSHRYKGACVHDTNCASVCQTEGFSGGKCVGFRGRCFCTKHC,47.0,2 disulfide bonds,take another look,Not selected ,AGAGAATGCCAAAGCCAGTCTCATCGTTATAAAGGCGCCTGTGTTCATGATACAAATTGTGCAAGCGTTTGCCAGACCGAAGGATTCAGCGGTGGTAAGTGCGTGGGCTTTCGTGGTCGCTGTTTTTGTACCAAACATTGC,GAAGACAACTGAGGTCTCATATGAGAGAATGCCAAAGCCAGTCTCATCGTTATAAAGGCGCCTGTGTTCATGATACAAATTGTGCAAGCGTTTGCCAGACCGAAGGATTCAGCGGTGGTAAGTGCGTGGGCTTTCGTGGTCGCTGTTTTTGTACCAAACATTGCCGAATGAGACCCCTCTTGTCTTC,141,10.1016/j.biochi.2008.06.007
DBAASPR_3191,P86518,Defensin Ec-AMP-D1,Echinochloa crus-galli - Barnyard grass,Phytophthora infestans,"Disrupts membrane, causes hyphal lysis",Cytoplasmic membrane integrity,"Inhibits hyphal development, does not inhibit release of zoospores, at concentrations above 100 ug/ml induces morphological changes such as lysis of hyphae and sporangia",RECQSQSHRYKGACVHDTNCASVCQTEGFSGGKCVGFRGRCFCTKAC,47.0,2 disulfide bonds,take another look,Not selected ,AGAGAATGTCAAAGCCAGAGCCATCGTTATAAAGGCGCATGTGTTCATGATACAAATTGCGCAAGTGTTTGCCAGACCGAAGGTTTTTCAGGTGGAAAATGTGTCGGGTTCCGTGGTCGTTGTTTTTGTACCAAAGCGTGT,GAAGACAACTGAGGTCTCATATGAGAGAATGTCAAAGCCAGAGCCATCGTTATAAAGGCGCATGTGTTCATGATACAAATTGCGCAAGTGTTTGCCAGACCGAAGGTTTTTCAGGTGGAAAATGTGTCGGGTTCCGTGGTCGTTGTTTTTGTACCAAAGCGTGTCGAATGAGACCCCTCTTGTCTTC,141,10.1016/j.biochi.2008.06.007
DBAASPR_4292,B3EWR6,Antimicrobial peptide EcAMP2,Echinochloa crus-galli - Barnyard grass,Phytophthora infestans,"Binds membrane or intracellular targets, weak inhibition of zoosporangia germination",Membrane interaction,Inhibits spore germination,DRCSQQCQHHRDPDRKQQCMRECRRHQGRSD,31.0,disulfide bond,take another look,Not selected ,GATCGCTGTAGCCAGCAATGCCAGCATCATCGTGATCCGGATCGTAAACAGCAGTGTATGCGTGAATGTCGTCGTCATCAGGGTCGTAGCGAT,GAAGACAACTGAGGTCTCATATGGATCGCTGTAGCCAGCAATGCCAGCATCATCGTGATCCGGATCGTAAACAGCAGTGTATGCGTGAATGTCGTCGTCATCAGGGTCGTAGCGATCGAATGAGACCCCTCTTGTCTTC,93,10.1016/j.peptides.2012.08.009
NA,NA,Dm-AMP1,Dahlia merckii - Merck’s Dahlia,Phytophthora palmivora,Defensin that reduces Phytophthora palmivora vigor and inhibits hyphal growth,Membrane permeability and integrity,"Binds fungal sphingolipids, specifically mannosyl-di-inositol-phosphoryl-ceramide in the membrane, interaction is enhanced by ergosterol membrane disruption/impairment of normal function",ELCEKASKTWSGNCGNTGHCDNQCKSWEGAAHGACHVRNGKHMCFCYFNC,50.0,5 disulfide bonds,take another look,Not selected ,GAACTGTGTGAAAAAGCGTCAAAAACATGGAGCGGCAACTGTGGAAATACCGGTCATTGTGATAATCAGTGTAAAAGCTGGGAAGGTGCAGCACATGGTGCATGTCATGTTCGTAACGGTAAACATATGTGTTTTTGTTATTTTAATTGC,GAAGACAACTGAGGTCTCATATGGAACTGTGTGAAAAAGCGTCAAAAACATGGAGCGGCAACTGTGGAAATACCGGTCATTGTGATAATCAGTGTAAAAGCTGGGAAGGTGCAGCACATGGTGCATGTCATGTTCGTAACGGTAAACATATGTGTTTTTGTTATTTTAATTGCCGAATGAGACCCCTCTTGTCTTC,150,10.1007/s00425-006-0471-1
DBAASPR_5086,NA,Scarabaecin,Oryctes rhinoceros - Coconut rhinoceros beetle,Phytophthora infestans (but high IC50),Disrupts lipid bilayer (membrane-active).,Membrane permeability & bioenergetics (collapse of proton motive force).,binds fungal cell-wall chitin and inhibits hyphal growth,ELPKLPDDKVLIRSRSNCPKGKVWNGFDCKSPFAFS	,36.0,high IC50 - low potency,discarded,Not selected ,GAACTGCCTAAACTGCCGGATGATAAAGTTCTGATTCGTAGCCGTAGCAACTGTCCGAAAGGTAAAGTTTGGAATGGTTTTGATTGCAAAAGCCCGTTTGCATTTTCA,GAAGACAACTGAGGTCTCATATGGAACTGCCTAAACTGCCGGATGATAAAGTTCTGATTCGTAGCCGTAGCAACTGTCCGAAAGGTAAAGTTTGGAATGGTTTTGATTGCAAAAGCCCGTTTGCATTTTCACGAATGAGACCCCTCTTGTCTTC,108,10.1016/s0006-291x(03)01162-8.
DBAASPR_2165,Q90WP7,Peptide leucine arginine (pLR),Lithobates pipiens - Northern leopard frog ,Phytophthora nicotianae PG344,"Inserts into hydrophobic core of membranes, forms transmembrane pores after surface binding",Cytoplasmic membrane integrity,"Increases membrane permeability without disrupting structure, antifungal, antibacterial, hemolytic, antiproliferative, histamine-releasing, granulopoiesis-inhibiting",LVRGCWTKSYPPKPCFVR,18.0,"effect on Bacillus megaterium growth, hemolytic properties",discarded,Not selected ,CTGGTTCGTGGTTGCTGGACCAAAAGCTATCCGCCGAAACCGTGTTTTGTTCGT,GAAGACAACTGAGGTCTCATATGCTGGTTCGTGGTTGCTGGACCAAAAGCTATCCGCCGAAACCGTGTTTTGTTCGTCGAATGAGACCCCTCTTGTCTTC,54,10.1021/bi034521l
DBAASPR_2166,P83663,Ranacyclin-E,Rana esculenta - European frog,Phytophthora nicotianae PG344,"Inserts into hydrophobic core of membranes, forms transmembrane pores after outer surface binding",Cytoplasmic membrane integrity,"Broad-spectrum AMP, increases membrane permeability without lysis, hemolytic activity,binds surface and inserts to form non-lytic pores",SAPRGCWTKSYPPKPCK,17.0,has hemolytic activities,discarded,Not selected ,AGCGCACCACGTGGTTGCTGGACCAAAAGCTATCCGCCGAAACCGTGTAAA,GAAGACAACTGAGGTCTCATATGAGCGCACCACGTGGTTGCTGGACCAAAAGCTATCCGCCGAAACCGTGTAAACGAATGAGACCCCTCTTGTCTTC,51,10.1021/bi034521l
DBAASPR_2167,P83719,Ranacyclin T,Rana temporaria - Common frog,Phytophthora nicotianae PG344,"Inserts into the hydrophobic core of the bacterial cell membrane, forms pores",Cytoplasmic membrane integrity,"Targets spores, increases permeability without disrupting membrane integrity, weak hemolytic activity",GALRGCWTKSYPPKPCK,17.0,has hemolytic activities,discarded,Not selected ,GGTGCACTGCGTGGCTGCTGGACCAAAAGCTATCCGCCGAAACCGTGTAAA,GAAGACAACTGAGGTCTCATATGGGTGCACTGCGTGGCTGCTGGACCAAAAGCTATCCGCCGAAACCGTGTAAACGAATGAGACCCCTCTTGTCTTC,51,10.1021/bi034521l
DBAASPS_17391,P84841,Esculentin-1B (1-18),Pelophylax saharicus,Phytophthora nicotianae,Disrupts membrane; permeabilizes cytoplasmic membrane,Membrane permeability and integrity,"Inhibits spore germination, fungicidal at higher concentrations",GIFSKLAGKKLKNLLISGL,19.0,effect on E.coli and Bacillus megaterium growth and not tested on Phytophthora species,discarded,Not selected ,NA,GAAGACAACTGAGGTCTCATATGCGAATGAGACCCCTCTTGTCTTC,0,10.1016/j.peptides.2003.07.029
DBAASPN_6739,"Pubchem
7074740","Cyclo(D-Pro-L-Leu), Diketopiperazine (pL)",Bacillus sp. N strain,"Phytophthora capsici, phytophtora colocasiae",Membrane proteins / quorum-sensing interference.,Quorum sensing controls morphogenesis & virulence; disruption reduces growth/sporulation and pathogenicity.,"prevention of cell-division, quorum sensing",PL,2,"Small, not gene-encoded, unsuitable for codon optimization",discarded,Not selected ,NA,GAAGACAACTGAGGTCTCATATGCGAATGAGACCCCTCTTGTCTTC,0,https://pmc.ncbi.nlm.nih.gov/articles/PMC8533947/?utm_source=chatgpt.com
DBAASPN_15017,"PubChem
7074739","Cyclo(Pro-Leu), S.sp. DKP-PL, Gancidin W",Bacillus sp. N strain,"Phytophthora capsici, phytophtora colocasiae",Quorum Sensing,possible membrane perturbation,Inhibit fungal quorum sensing or morphogenesis ,PL,2,"Small, not gene-encoded, unsuitable for codon optimization",discarded,Not selected ,NA,GAAGACAACTGAGGTCTCATATGCGAATGAGACCCCTCTTGTCTTC,0,"https://www.mdpi.com/1420-3049/22/11/1839 , https://pubmed.ncbi.nlm.nih.gov/22747978/"
NA,AP00918,Dm-AMP1,Dahlia merckii - Merck’s Dahlia,Phytophthora palmivora,membrane binding/pore formation; no specific enzyme target,NA,"Disrupts membrane integrity, increases permeability, inhibits hyphal growth",ELCEKASKTWSGNCGNTGHCDNQCKSWEGAAHGACHVRNGKHMCFCYFNC,50.0,5 disulfide bonds,take another look,Not selected ,GAACTGTGTGAAAAAGCGTCAAAAACATGGAGCGGCAACTGTGGAAATACCGGTCATTGTGATAATCAGTGTAAAAGCTGGGAAGGTGCAGCACATGGTGCATGTCATGTTCGTAACGGTAAACATATGTGTTTTTGTTATTTTAATTGC,GAACTGTGTGAAAAAGCGTCAAAAACATGGAGCGGCAACTGTGGAAATACCGGTCATTGTGATAATCAGTGTAAAAGCTGGGAAGGTGCAGCACATGGTGCATGTCATGTTCGTAACGGTAAACATATGTGTTTTTGTTATTTTAATTGC,,10.1007/s00425-006-0471-1
DBAASPR_21207,NA,Lantibiotic Pinensin,Chitinophaga pinensis,Phytophthora drechsleri DSM 62679,Phytophthora drechsleri DSM 62679,"Disrupts membrane bilayer, Disrupts membrane integrity or cell wall biosynthesis",Leads to cell lysis or inhibits fungal growth,HPXHTVATDDQGHLCXXIIC,20.0,cytotoxic to mammalian cells and activity against Gram + and Gram - bacteria,discarded,Not selected ,NA,GAAGACAACTGAGGTCTCATATGCGAATGAGACCCCTCTTGTCTTC,0,https://dbaasp.org/peptide-card?id=DBAASPR_21207
DBAASPN_18882,"6993323, PubChem","Cyclo(D-Pro-L-Tyr), Diketopiperazine (pY)",Bacillus sp. N strain,"Phytophthora capsici, phytophtora colocasiae","Membrane Protein, Quorum Sensing",Membrane Disruption Inhibit fungal quorum sensing or morphogenesis,reduces hyphal growth,pY,2.0,"Small, not gene-encoded, unsuitable for codon optimization",discarded,Not selected ,NA,GAAGACAACTGAGGTCTCATATGCGAATGAGACCCCTCTTGTCTTC,0,"https://www.mdpi.com/1420-3049/22/11/1839 , https://pubmed.ncbi.nlm.nih.gov/22747978/"
DBAASPR_5517,P81591,Pn-AMP1,Ipomoea nil (Pharbitis nil),Phytophthora parasitica,"Actin Cytoskeleton Disruption, membrane receptors and affecting membrane integrity, Pn-AMP1 penetrates fungal hyphae, causing bursts at hyphal tips and leakage of cytoplasmic contents.",Membrane permeability and integrity and cytoplasmic integrity ,Leads to cell lysis or inhibits fungal growth,XQCGRQASGRLCGNRLCCSQWGYCGSTASYCGAGCQSQCRS,41.0,effect on Bacillus subtilis,discarded,Not selected ,NA,GAAGACAACTGAGGTCTCATATGCGAATGAGACCCCTCTTGTCTTC,0,https://dbaasp.org/peptide-card?id=DBAASPR_5517
DBAASPR_6593,C5IJZ0,NmDef02,Nicotiana megalosiphon,Phytophthora infestans,Lipid Bilayer,Membrane integrity and ion homeostasis (structural role),"Antimicrobial peptide which inhibits the growth of a variety of fungi, oomycetes, Gram-positive bacterial phytopatogenes and S.cerevisiae in vitro",MDRVALVSLCFVYLVLFVAQEIVVTEARECKAQGRHGTCFRDANCVQVCEKQAGWSHGDCRAQFKCKCIFEC,72.0,disulfide bonds. Not a lot of literature,take another look,Not selected ,"ATGGATCGCGTTGCGCTGGTCAGCCTGTGTTTCGTTTATTTAGTGCTGTTTGTGGCACAGGAAATCGTTGTTACAGAAGCAAGAGAATGTAAGGCACAGGGTCGGCATGGTAC
CTGCTTTCGTGATGCGAATTGTGTTCAGGTTTGTGAAAAACAAGCTGGCTGGTCACATGGAGACTGCCGTGCCCAATTTAAATGCAAATGTATTTTTGAATGC","GAAGACAACTGAGGTCTCATATGATGGATCGCGTTGCGCTGGTCAGCCTGTGTTTCGTTTATTTAGTGCTGTTTGTGGCACAGGAAATCGTTGTTACAGAAGCAAGAGAATGTAAGGCACAGGGTCGGCATGGTAC
CTGCTTTCGTGATGCGAATTGTGTTCAGGTTTGTGAAAAACAAGCTGGCTGGTCACATGGAGACTGCCGTGCCCAATTTAAATGCAAATGTATTTTTGAATGCCGAATGAGACCCCTCTTGTCTTC",217,10.1111/j.1467-7652.2010.00501.x
NA,P80915,MiAMP1,Macadamia integrifolia (Macadamia nut),Phytophthora cryptogea ,Membrane binding/permeabilization (no single enzyme target),structural membrane/cell wall integrity,Disrupts membrane integrity; inhibits hyphal growth,MASTKLFFSVITVMMLIAMASEMVNGSAFTVWSGPGCNNRAERYSKCGCSAIHQKGGYDFSYTGQTAALYNQAGCSGVAHTRFGSSARACNPFGWKSIFIQC,102.0,disulfide bond,take another look,Not selected ,"ATGGCAAGCACAAAATTATTTTTCAGCGTTATCACCGTCATGATGCTGATTGCAATGGCGAGTGAAATGGTGAACGGAAGCGCCTTTACCGTATGGAGCGGACCGGGCTGCAA
TAACCGTGCTGAACGCTATTCAAAGTGCGGTTGTTCAGCCATTCATCAAAAAGGCGGCTATGATTTTTCTTATACAGGACAGACGGCAGCACTGTACAATCAGGCAGGCTGTA
GCGGTGTTGCCCATACTCGTTTTGGTAGCAGCGCAAGAGCATGTAATCCTTTTGGCTGGAAATCCATATTTATTCAATGC","GAAGACAACTGAGGTCTCATATGATGGCAAGCACAAAATTATTTTTCAGCGTTATCACGTCATGATGCTGATTGCAATGGCGAGTGAAATGGTGAACGGAAGCGCCTTTACCGTATGGAGCGGACCGGGCTGCAA
TAACCGTGCTGAACGCTATTCAAAGTGCGGTTGTTCAGCCATTCATCAAAAAGGCGGCTATGATTTTTCTTATACAGGACAGACGGCAGCACTGTACAATCAGGCAGGCTGTA
GCGGTGTTGCCCATACTCGTTTTGGTAGCAGCGCAAGAGCATGTAATCCTTTTGGCTGGAAATCCATATTTATTCAATGCCGAATGAGACCCCTCTTGTCTTC",308.0,10.1046/j.1365-313x.1999.00569.x
NA,G7L736,Defensin MtDef4.2,Medicago truncatula,Transgenic Arabidopsis thaliana,Lipid bilayer (no single enzyme target),Cytoplasmic membrane integrity,Defensins kills cells by forming voltage-regulated multimeric channels in the susceptible cell's membrane.,MARSVPLVSTIFVFLLLLVATGPSMVAEARTCESQSHKFKGPCASDHNCASVCQTERFSGGHCRGFRRRCFCTTHC,76.0,4 disulfide bonds not really proven agains phytophthora,take another look,Not selected ,ATGGCGCGTAGTGTTCCGCTTGTTTCAACCATTTTTGTCTTTTTACTGCTGCTGGTTGCAACCGGTCCTAGCATGGTGGCTGAAGCGCGTACATGTGAGAGCCAATCCCATAAATTTAAAGGCCCGTGCGCATCAGATCATAATTGTGCAAGCGTTTGCCAGACAGAACGGTTTTCGGGCGGACATTGCCGCGGTTTCCGTCGTCGTTGTTTTTGTACGACACACTG,GAAGACAACTGAGGTCTCATATGATGGCGCGTAGTGTTCCGCTTGTTTCAACCATTTTTGTCTTTTTACTGCTGCTGGTTGCAACCGGTCCTAGCATGGTGGCTGAAGCGCGTACATGTGAGAGCCAATCCCATAAATTTAAAGGCCCGTGCGCATCAGATCATAATTGTGCAAGCGTTTGCCAGACAGAACGGTTTTCGGGCGGACATTGCCGCGGTTTCCGTCGTCGTTGTTTTTGTACGACACACTGCGAATGAGACCCCTCTTGTCTTC,227.0,https://doi.org/10.1007/s11248-016-9978-9
NA,"Q5AMQ4, 237561 (NCBI)",Ceramide glucosyltransferase,Candida albicans (strain SC5314),Pythopthera Infestans,Enzyme target (glucosylceramide synthase; would require small-molecule/protein inhibitor - no AMP binding data),Cytoplasmic membrane integrity,"Catalyzes the final step in the biosynthesis of the membrane lipid glucosylceramide (GluCer), the transfer of glucose to ceramide. Glucosylceramides play important roles in growth, differentiation and pathogenicity.",MVQEELSLFRITTGYFFLLWYIIILVAAYSGFFEILFNFRNRPILHTKQQANHQNDPESDDEEIYEGVTIIRPIKGIDPELTSCLESSFCQNYPRSKLQILFCVDDPNDPSIPIIQKLIAKYPTVDAQILTSESYNSQTKTSDDHYGPNPKVNNLAKGFVHAKYDILWVMDSNVWASSNILKNSVISLNGNLNMSRKMGQSRPVKLVHHVPLALSINNTTRSDDFIGGQDLEITAMTPVPSSESLNSQLVKRKSSPKSNNSLNVHPGFTYSKFSKKLGAELDEMFLHTSHSKFYVSLNNLAVAPCVNGKSNIYRRSDLDQSVRLIPHKDSPFFKDPKVKQDAGYYTSLGVGHAIKFFARYIGEDNMIGIALWENTQGRTGLTGDVVVQPYSGSENNAVKDYIQRRVRWLRVRKYMVLLATLIEPTTESIICGIYGTYAISTVFFGTWFNKYWFVMHMLIWMLTDYVQYHTLINHTLDVKNITYLPNWLNESIPPKQRNCLQWGYIWILRELLALPIWIIAMIGHEIDWRGRPFRIKKDLTAEEM,544.0,"hypothetical inhibitor would block GlcCer formation, disrupting membrane function",take another look,Not selected ,"ATGGTTCAAGAAGAACTGAGCCTGTTCCGTATCACAACCGGCTATTTTTTTCTGCTTTGGTATATCATCATCCTGGTTGCAGCTTATTCCGGTTTTTTTGAAATTTTATTTAATTTT
CGTAACCGTCCCATCCTGCATACAAAGCAGCAGGCCAACCATCAAAACGATCCGGAAAGCGACGATGAAGAGATTTATGAAGGTGTTACCATAATTAGACCGATCAAAGGCAT
TGATCCGGAATTGACCTCCTGTCTCGAAAGCTCATTTTGCCAAAATTATCCGCGCTCTAAACTCCAGATTCTGTTTTGTGTGGATGACCCGAATGATCCGTCAATTCCAATAATT
CAAAAACTGATTGCGAAATATCCGACTGTTGATGCGCAAATCCTGACCTCAGAATCTTATAATTCTCAGACAAAAACGTCGGATGATCATTACGGTCCTAATCCGAAAGTCAATA
ATCTAGCAAAAGGATTCGTTCACGCAAAATATGATATTCTATGGGTGATGGATTCAAATGTGTGGGCCAGCTCCAACATTCTAAAAAATAGCGTGATTAGCCTTAACGGCAATCT
GAACATGTCACGTAAAATGGGGCAGAGCCGTCCGGTTAAACTTGTTCATCATGTACCGCTCGCATTATCGATTAACAACACCACTCGTAGCGATGATTTTATTGGCGGCCAGG
ATCTTGAAATCACCGCGATGACCCCGGTTCCGAGCAGCGAAAGTTTAAATTCCCAGCTTGTTAAGCGGAAATCAAGTCCGAAAAGCAATAACAGCCTGAATGTCCATCCAGGT
TTTACATATTCCAAATTTTCAAAAAAACTCGGTGCTGAACTGGATGAGATGTTTTTACACACCTCTCATTCCAAGTTTTATGTTTCCCTCAATAATCTTGCGGTTGCACCATGTGT
AAATGGGAAAAGCAATATCTATCGCAGATCTGATTTGGATCAGTCCGTTCGTCTAATCCCTCATAAAGACAGCCCGTTCTTTAAAGATCCTAAGGTAAAACAAGATGCAGGTTAT
TATACAAGCCTTGGTGTCGGCCATGCGATTAAATTTTTTGCAAGATACATCGGTGAAGATAATATGATCGGCATCGCACTGTGGGAAAACACGCAGGGACGTACTGGTCTTACC
GGTGATGTGGTTGTTCAGCCTTATTCCGGTTCCGAAAATAATGCAGTTAAAGATTATATTCAGAGGCGTGTACGCTGGCTCCGCGTGCGTAAATATATGGTGCTGCTAGCCACC
CTCATCGAGCCGACGACAGAAAGCATTATTTGCGGCATATATGGCACCTATGCAATTAGCACAGTGTTTTTCGGTACGTGGTTTAATAAATATTGGTTTGTCATGCACATGCTTA
TTTGGATGCTGACAGATTACGTTCAATACCATACCCTGATCAATCATACATTAGATGTCAAAAATATTACCTACCTTCCGAACTGGCTTAATGAGAGCATTCCGCCGAAACAGCG
TAACTGTCTGCAATGGGGCTATATTTGGATTCTGCGAGAACTCCTGGCACTGCCGATTTGGATCATTGCTATGATTGGACATGAAATCGACTGGCGTGGTCGTCCGTTTCGTAT
TAAAAAGGATCTGACCGCTGAAGAAATG","GAAGACAACTGAGGTCTCATATGATGGTTCAAGAAGAACTGAGCCTGTTCCGTATCACAACCGGCTATTTTTTTCTGCTTTGGTATATCATCATCCTGGTTGCAGCTTATTCCGGTTTTTTTGAAATTTTATTTAATTTT
CGTAACCGTCCCATCCTGCATACAAAGCAGCAGGCCAACCATCAAAACGATCCGGAAAGCGACGATGAAGAGATTTATGAAGGTGTTACCATAATTAGACCGATCAAAGGCAT
TGATCCGGAATTGACCTCCTGTCTCGAAAGCTCATTTTGCCAAAATTATCCGCGCTCTAAACTCCAGATTCTGTTTTGTGTGGATGACCCGAATGATCCGTCAATTCCAATAATT
CAAAAACTGATTGCGAAATATCCGACTGTTGATGCGCAAATCCTGACCTCAGAATCTTATAATTCTCAGACAAAAACGTCGGATGATCATTACGGTCCTAATCCGAAAGTCAATA
ATCTAGCAAAAGGATTCGTTCACGCAAAATATGATATTCTATGGGTGATGGATTCAAATGTGTGGGCCAGCTCCAACATTCTAAAAAATAGCGTGATTAGCCTTAACGGCAATCT
GAACATGTCACGTAAAATGGGGCAGAGCCGTCCGGTTAAACTTGTTCATCATGTACCGCTCGCATTATCGATTAACAACACCACTCGTAGCGATGATTTTATTGGCGGCCAGG
ATCTTGAAATCACCGCGATGACCCCGGTTCCGAGCAGCGAAAGTTTAAATTCCCAGCTTGTTAAGCGGAAATCAAGTCCGAAAAGCAATAACAGCCTGAATGTCCATCCAGGT
TTTACATATTCCAAATTTTCAAAAAAACTCGGTGCTGAACTGGATGAGATGTTTTTACACACCTCTCATTCCAAGTTTTATGTTTCCCTCAATAATCTTGCGGTTGCACCATGTGT
AAATGGGAAAAGCAATATCTATCGCAGATCTGATTTGGATCAGTCCGTTCGTCTAATCCCTCATAAAGACAGCCCGTTCTTTAAAGATCCTAAGGTAAAACAAGATGCAGGTTAT
TATACAAGCCTTGGTGTCGGCCATGCGATTAAATTTTTTGCAAGATACATCGGTGAAGATAATATGATCGGCATCGCACTGTGGGAAAACACGCAGGGACGTACTGGTCTTACC
GGTGATGTGGTTGTTCAGCCTTATTCCGGTTCCGAAAATAATGCAGTTAAAGATTATATTCAGAGGCGTGTACGCTGGCTCCGCGTGCGTAAATATATGGTGCTGCTAGCCACC
CTCATCGAGCCGACGACAGAAAGCATTATTTGCGGCATATATGGCACCTATGCAATTAGCACAGTGTTTTTCGGTACGTGGTTTAATAAATATTGGTTTGTCATGCACATGCTTA
TTTGGATGCTGACAGATTACGTTCAATACCATACCCTGATCAATCATACATTAGATGTCAAAAATATTACCTACCTTCCGAACTGGCTTAATGAGAGCATTCCGCCGAAACAGCG
TAACTGTCTGCAATGGGGCTATATTTGGATTCTGCGAGAACTCCTGGCACTGCCGATTTGGATCATTGCTATGATTGGACATGAAATCGACTGGCGTGGTCGTCCGTTTCGTAT
TAAAAAGGATCTGACCGCTGAAGAAATGCGAATGAGACCCCTCTTGTCTTC",1646.0,https://www.uniprot.org/uniprotkb/F7FBF7/entry
NA,P155151,Histatin 5,Homo sapiens (Human),Pythopthera Infestans,"No single enzyme; histidine-rich peptide that enters cells, perturbs membranes and mitochondria",Energy production/ion homeostasis (mitochondrial function),"Membrane permeabilization, ROS generation, mitochondrial dysfunction leading to cell death",DSHAKRHHGYKRKFHEKHHSHRGY,24,Human salivary AMP; strong anti-Candida activity; activity vs Phytophthora not well documente,take another look,Not selected ,NA,GAAGACAACTGAGGTCTCATATGCGAATGAGACCCCTCTTGTCTTC,24,https://doi.org/10.3390/ijms222111363
NA,"P55788, 29025 (NCBI)",Thanatin,Podisus maculiventris,Phytophthora capsici,Binds to lipid II and outer membrane components; interferes with synthesis,Cell-wall precursor (lipid II) supply for peptidoglycan synthesis,Sequesters lipid II and perturbs membranes (pore/leakage),GSKKPVPIIYCNRRTGKCQRM,21.0,"Stops respiration in bacteria, small",take another look,Not selected ,GGCAGCAAAAAACCGGTTCCGATTATTTATTGTAATCGTCGCACCGGTAAATGCCAGCGTATG,GAAGACAACTGAGGTCTCATATGGGCAGCAAAAAACCGGTTCCGATTATTTATTGTAATCGTCGCACCGGTAAATGCCAGCGTATGCGAATGAGACCCCTCTTGTCTTC,63.0,https://pubmed.ncbi.nlm.nih.gov/33546369/
NA,"P11006, 8355 (NCBI)",Magainin,Xenopus laevis (African clawed frog),Phytophthora infestans,Antimicrobial peptides that inhibit the growth of numerous species of bacteria and fungi and induce osmotic lysis of protozoa.,structural membrane barrier,Forms toroidal pores; induces membrane permeabilization and osmotic lysis,MFKGLFICSLIAVICANALPQPEASADEDMDEREVRGIGKFLHSAGKFGKAFVGEIMKSKRDAEAVGPEAFADEDLDEREVRGIGKFLHSAKKFGKAFVGEIMNSKRDAEAVGPEAFADEDLDEREVRGIGKFLHSAKKFGKAFVGEIMNSKRDAEAVGPEAFADEDLDEREVRGIGKFLHSAKKFGKAFVGEIMNSKRDAEAVGPEAFADEDFDEREVRGIGKFLHSAKKFGKAFVGEIMNSKRDAEAVGPEAFADEDLDEREVRGIGKFLHSAKKFGKAFVGEIMNSKRDAEAVDDRRWVE,303.0,Activity against pseudomonas bacteria but also P.infestans,take another look,Not selected ,"ATGTTTAAAGGCCTGTTTATTTGTTCTCTGATTGCAGTTATTTGCGCAAATGCACTGCCGCAGCCGGAAGCAAGTGCTGATGAAGATATGGATGAACGCGAAGTTCGTGGGATT
GGTAAGTTTCTCCATAGCGCAGGTAAATTTGGGAAAGCCTTTGTGGGTGAAATTATGAAATCAAAACGCGATGCTGAAGCGGTTGGGCCGGAGGCCTTCGCTGATGAAGATCT
GGATGAAAGAGAAGTGCGTGGCATCGGAAAATTTCTGCATTCTGCAAAAAAATTCGGCAAAGCCTTTGTTGGTGAAATTATGAATAGTAAGCGTGATGCCGAGGCCGTTGGTC
CTGAAGCTTTTGCGGATGAGGATTTAGATGAACGTGAGGTGCGCGGAATTGGTAAATTTTTACATTCCGCGAAAAAATTCGGTAAAGCTTTCGTTGGAGAAATCATGAACAGCA
AACGTGACGCAGAAGCCGTGGGTCCAGAAGCATTTGCCGATGAAGATCTGGATGAACGTGAAGTAAGAGGAATAGGCAAGTTTTTGCATAGCGCAAAGAAATTTGGCAAAGC
ATTTGTCGGGGAAATTATGAACAGCAAACGTGATGCTGAGGCAGTTGGTCCGGAAGCATTCGCAGACGAGGATTTTGATGAGCGTGAAGTTCGCGGTATTGGTAAATTCCTGC
ACTCCGCGAAAAAATTCGGTAAAGCATTTGTTGGGGAAATCATGAATAGCAAGCGAGATGCTGAAGCAGTAGGTCCGGAAGCATTTGCAGATGAAGATCTGGATGAACGGGAA
GTGCGTGGTATTGGGAAATTTCTGCATAGCGCAAAAAAGTTTGGTAAAGCGTTTGTTGGTGAAATTATGAATTCAAAACGGGATGCGGAAGCAGTTGATGATCGTCGTTGGGTT
GAA","GAAGACAACTGAGGTCTCATATGATGTTTAAAGGCCTGTTTATTTGTTCTCTGATTGCAGTTATTTGCGCAAATGCACTGCCGCAGCCGGAAGCAAGTGCTGATGAAGATATGGATGAACGCGAAGTTCGTGGGATT
GGTAAGTTTCTCCATAGCGCAGGTAAATTTGGGAAAGCCTTTGTGGGTGAAATTATGAAATCAAAACGCGATGCTGAAGCGGTTGGGCCGGAGGCCTTCGCTGATGAAGATCT
GGATGAAAGAGAAGTGCGTGGCATCGGAAAATTTCTGCATTCTGCAAAAAAATTCGGCAAAGCCTTTGTTGGTGAAATTATGAATAGTAAGCGTGATGCCGAGGCCGTTGGTC
CTGAAGCTTTTGCGGATGAGGATTTAGATGAACGTGAGGTGCGCGGAATTGGTAAATTTTTACATTCCGCGAAAAAATTCGGTAAAGCTTTCGTTGGAGAAATCATGAACAGCA
AACGTGACGCAGAAGCCGTGGGTCCAGAAGCATTTGCCGATGAAGATCTGGATGAACGTGAAGTAAGAGGAATAGGCAAGTTTTTGCATAGCGCAAAGAAATTTGGCAAAGC
ATTTGTCGGGGAAATTATGAACAGCAAACGTGATGCTGAGGCAGTTGGTCCGGAAGCATTCGCAGACGAGGATTTTGATGAGCGTGAAGTTCGCGGTATTGGTAAATTCCTGC
ACTCCGCGAAAAAATTCGGTAAAGCATTTGTTGGGGAAATCATGAATAGCAAGCGAGATGCTGAAGCAGTAGGTCCGGAAGCATTTGCAGATGAAGATCTGGATGAACGGGAA
GTGCGTGGTATTGGGAAATTTCTGCATAGCGCAAAAAAGTTTGGTAAAGCGTTTGTTGGTGAAATTATGAATTCAAAACGGGATGCGGAAGCAGTTGATGATCGTCGTTGGGTT
GAACGAATGAGACCCCTCTTGTCTTC",917.0,https://pubmed.ncbi.nlm.nih.gov/30301180/
NA,"P80282, 8393 (NCBI)",Dermaseptin B1,Phyllomedusa bicolor,"Erwinia, Pectobacterium","Possesses a potent antimicrobial activity against bacteria, fungi and protozoa. Probably acts by disturbing membrane functions with its amphipathic structure.",structural membrane integrity,Membrane barrier integrityDisrupts membranes; broad antibacterial/antifungal/protozoal activity (active form after propeptide cleavage),MDILKKSLFLVLFLGLVSLSICEEEKRENEDEEKQDDEQSEMKRAMWKDVLKKIGTVALHAGKAALGAVADTISQGEQ,78.0,Only tested on plant pathogen bacteria like Erwinia and pectobacteriums also needs cleavage for full mode of action (propeptide),discarded,Not selected ,"ATGGATATCTTGAAAAAAAGCCTGTTTCTGGTTCTGTTTTTAGGTCTTGTCAGCCTGAGCATTTGTGAAGAAGAGAAAAGAGAAAATGAAGATGAGGAAAAACAGGATGATGAA
CAATCAGAAATGAAACGTGCAATGTGGAAAGATGTGCTGAAGAAAATCGGCACCGTTGCGCTGCATGCCGGTAAAGCAGCACTGGGTGCAGTTGCCGACACAATTAGTCAGG
GAGAACAG","GAAGACAACTGAGGTCTCATATGATGGATATCTTGAAAAAAAGCCTGTTTCTGGTTCTGTTTTTAGGTCTTGTCAGCCTGAGCATTTGTGAAGAAGAGAAAAGAGAAAATGAAGATGAGGAAAAACAGGATGATGAA
CAATCAGAAATGAAACGTGCAATGTGGAAAGATGTGCTGAAGAAAATCGGCACCGTTGCGCTGCATGCCGGTAAAGCAGCACTGGGTGCAGTTGCCGACACAATTAGTCAGG
GAGAACAGCGAATGAGACCCCTCTTGTCTTC",236.0,https://pubmed.ncbi.nlm.nih.gov/9647785/
DBAASPR_8606,NA,"Cecropin 2 Px, Px-cec2",Plutella xylostella	,Phytophthora litchii	,Discrupts lipid bilayer,membrane barrier,Pore formation; membrane permeabilization,NPFKKLERVGQHIRDGIIKAGPAVEVIGQANSIARPAGK,39.0,Active vs E. coli; oomycete activity needs confirmation,take another look,Not selected ,"AACCCGTTTAAAAAACTGGAAAGAGTTGGCCAGCATATTCGTGATGGTATCATCAAAGCAGGTCCGGCAGTTGAAGTAATTGGTCAGGCAAATAGCATTGCACGTCCAGCCGG
TAAA","GAAGACAACTGAGGTCTCATATGAACCCGTTTAAAAAACTGGAAAGAGTTGGCCAGCATATTCGTGATGGTATCATCAAAGCAGGTCCGGCAGTTGAAGTAATTGGTCAGGCAAATAGCATTGCACGTCCAGCCGG
TAAACGAATGAGACCCCTCTTGTCTTC",118.0,10.1371/journal.pone.0142451
DBAASPR_8607,NA,"Cecropin 3 Px, Px-cec3",Plutella xylostella	,Phytophthora litchii	,Discrupts lipid bilayer,membrane barrier,Pore formation; membrane permeabilization,KGFKKIEKLGRHIRDGVVKAGPAVGVVGQASSIMG,35.0,acts against E.coli as well,take another look,Not selected ,AAAGGTTTTAAAAAAATCGAAAAACTGGGTCGTCATATTCGTGATGGTGTTGTTAAAGCAGGTCCGGCAGTTGGTGTTGTTGGCCAGGCAAGCAGCATTATGGGT,GAAGACAACTGAGGTCTCATATGAAAGGTTTTAAAAAAATCGAAAAACTGGGTCGTCATATTCGTGATGGTGTTGTTAAAGCAGGTCCGGCAGTTGGTGTTGTTGGCCAGGCAAGCAGCATTATGGGTCGAATGAGACCCCTCTTGTCTTC,105.0,10.1371/journal.pone.0142451
NA,P14170,Osmotin,Nicotiana tabacum (Common tobacco),Phytophthora infestans ,Cell-surface binding; induces sporangial lysis (no single enzyme),"Membrane stability, ion homeostasis",Plasma-membrane disruption and cell-wall interactions; antifungal PR-5 protein,MGNLRSSFVFFLLALVTYTYAATIEVRNNCPYTVWAASTPIGGGRRLDRGQTWVINAPRGTKMARVWGRTNCNFNAAGRGTCQTGDCGGVLQCTGWGKPPNTLAEYALDQFSGLDFWDISLVDGFNIPMTFAPTNPSGGKCHAIHCTANINGECPRELRVPGGCNNPCTTFGGQQYCCTQGPCGPTFFSKFFKQRCPDAYSYPQDDPTSTFTCPGGSTNYRVIFCPNGQAHPNFPLEMPGSDEVAK,246.0,found to bind to peptidoglycan ,,Not selected ,CCGCAATCAGGGT,GAAGACAACTGAGGTCTCATATGCCGCAATCAGGGTCGAATGAGACCCCTCTTGTCTTC,13.0,https://doi.org/10.1105/tpc.3.6.619
DBAASPR_10759,NA,Moricin PxMor2,Plutella xylostella,Phytophthora litchii	,"disruption of bacterial membrane, binding/pore formation",membrane barrier,Disrupts bacterial/oomycete membranes; pore/leakage phenotype,APKVNVNALRKGGRVIRKGLGVIGAAGTAHEVYNHVRNRNQG,42.0,high activity against staphylococcus aureus and E.coli ,take another look,Not selected ,"GCGCCGAAAGTGAATGTTAATGCCCTGCGTAAAGGCGGACGTGTGATTCGTAAAGGTCTGGGTGTTATCGGCGCAGCAGGCACCGCACATGAAGTTTATAATCATGTCAGAA
ACCGGAATCAGGGT","GAAGACAACTGAGGTCTCATATGGCGCCGAAAGTGAATGTTAATGCCCTGCGTAAAGGCGGACGTGTGATTCGTAAAGGTCTGGGTGTTATCGGCGCAGCAGGCACCGCACATGAAGTTTATAATCATGTCAGAA
ACCGGAATCAGGGTCGAATGAGACCCCTCTTGTCTTC",127.0,https://doi.org/10.1111/imb.12319
DBAASPR_10760,NA,Moricin PxMor3,Plutella xylostella,Phytophthora litchii	,disruption of bacterial membrane,membrane barrier,Disrupts bacterial/oomycete membranes; pore/leakage phenotype,APKVNVNALKKGGHVIKKGLGVIGAAGTAHEVYNHVRNRNQG,42.0,only demonstrated activity against E.coli (gram -),take another look,Not selected ,GCACCGAAAGTGAATGTTAATGCACTGAAAAAGGGCGGACACGTTATTAAAAAAGGGTTAGGTGTTATCGGTGCTGCAGGGACCGCACATGAAGTGTATAATCATGTACGTAA,GAAGACAACTGAGGTCTCATATGGCACCGAAAGTGAATGTTAATGCACTGAAAAAGGGCGGACACGTTATTAAAAAAGGGTTAGGTGTTATCGGTGCTGCAGGGACCGCACATGAAGTGTATAATCATGTACGTAACGAATGAGACCCCTCTTGTCTTC,113.0,https://doi.org/10.1111/imb.12319
DBAASPR_1935,P69241,Defensin-like protein 1 / Rs-AFP1,Raphanus sativus,Phytophthora spp. exploratory	,Membrane/cell-wall interaction,Cell-wall integrity; morphogenesis,Antifungal defensin; permeabilizes membranes and inhibits hyphal growth,XKLCERPSGTWSGVCGNNNACKNQCINLEKARHGSCNYVFPAHKCICYFPC,51.0,"modified aa, but team Lund2020 managed to produce it in e coli",take another look,Not selected ,NA,GAAGACAACTGAGGTCTCATATGCGAATGAGACCCCTCTTGTCTTC,O,https://2020.igem.org/Team:Lund/Basic_Part