Species,TaxID,Genome_Mb,Assembly_Accession,GC_%,Primary_Hosts,Host_Type,Region,Key_Disease,Lifestyle,Sources,NCBI_Genome_URL
Phytophthora acerina,1241941,NA,NA,NA,Acer pseudoplatanus (sycamore maple),Plant,Europe,"dark exuding lesions, bleeding cankers and dieback",Hemibiotrophic,Plant Pathology,https://bsppjournals.onlinelibrary.wiley.com/doi/epdf/10.1111/ppa.12153
Phytophthora afrocarpa,2843340,NA,NA,NA,Afrocarpus falcatus,Soil,Southern Africa,"Known as water mold, no key disease recorded",Hemibiotrophic,ITP,https://idtools.org/phytophthora/index.cfm?packageID=1131&entityID=5001
Phytophthora agathidicida,1642459,57.0,GCA_025722995.1,53.0,Agathis australis,Plant,New Zealand,Canopy thinning; little leaf; collar-rot; girdling; bleeding lesions,Hemibiotrophic,NCBI; IDtools,https://www.ncbi.nlm.nih.gov/datasets/genome/GCA_025722995.1/
Phytophthora aleatoria,2496075,50.6,GCA_018873745.1,51,Pinus radiata,Tree,"Nelson region, New Zealand","Root and collar damage, bleeding stem cankers","Hemibiotrophic, grows more slowly than other phytophtora",NCBI https://link.springer.com/article/10.1007/s13313-019-00631-5?,https://www.ncbi.nlm.nih.gov/datasets/genome/GCA_018873745.1/
Phytophthora alni,4796,236.0,GCA_000439335.1,52.0,Alnus spp. (alder),Plant,Europe,Aggressive root and collar rot,Hemibiotrophic,NCBI,https://www.ncbi.nlm.nih.gov/datasets/genome/GCA_000439335.1/
Phytophthora alpina,2897317,NA,NA,NA,Alnus viridis,"Plant, Soil and root associated",Europe,Decline and dieback of green alder strands,"Hemibiotrophic, grows more slowly than other phytophtora",ITP,https://idtools.org/phytophthora/index.cfm?packageID=1131&entityID=5004
Phytophthora alticola,415740,NA,NA,NA,Eucalyptus spp.,Plant,South Africa,Root rot,hemibiotrophic,Mycobank, https://www.sciencedirect.com/science/article/abs/pii/S0953756207001955?via%3Dihub
Phytophthora amaranthi,1486344,NA,NA,NA,Amaranthus tricolor,Plant,Taiwan,"Bligh, basal stem rot and root rot",Necrotrophic,ITP,https://idtools.org/phytophthora/index.cfm?packageID=1131&entityID=5006
Phytophthora amnicola	,1196597,NA,NA,NA,blackberry corms,Water,Western Australia,Pathogenicity unknown,Hemibiotrophic,IDtools,https://idtools.org/tools/1056/index.cfm?entityID=5007&packageID=1131&utm
Phytophthora aquimorbida,611798,NA,NA,NA,Rhododendron,Plant,USA,"root discoloration, pale leaves, dieback and tip necrosis",Hemibiotrophic,ITP,https://idtools.org/phytophthora/index.cfm?packageID=1131&entityID=5010
Phytophthora arenaria,929574,NA,NA,NA,Banksia attenuata,Plant,Australia,root rot,Hemibiotrophic,ITP,https://idtools.org/phytophthora/index.cfm?packageID=1131&entityID=5011
Phytophthora asiatica,1529059,75.1,GCA_042082275.1,55,Pueraria lobata (kudzu),Plant,Japan ,lesion on leaves and siftening of plant,hemibiotrophic,NCBI,https://www.ncbi.nlm.nih.gov/datasets/genome/GCA_042082275.1/
Phytophthora asparagi	,631358,NA,NA,NA,Asparagus officinalis,Plant,United States of America,"Downy mildews, water-soaked lesions",hemibiotrophic,NCBI,https://apsjournals.apsnet.org/doi/10.1094/PHYTO-98-10-1075
Phytophthora attenuata,1861846,80.5,GCA_042082295.1,54,"Castanopsis carlesii, Chamaecyparis formosensis",Plant (tree),Taiwan,Not directly associated with visible disease symptoms,NA,"NCBI, https://idtools.org/phytophthora/index.cfm?entityID=5014&packageID=1131",https://www.ncbi.nlm.nih.gov/datasets/genome/GCA_042082295.1/
Phytophthora balyanboodja,2054050,NA,NA,NA,NA,"Plant, soil ",Australia,Not directly associated with visible disease symptoms,NA,ITP,https://idtools.org/phytophthora/index.cfm?packageID=1131&entityID=5017
Phytophthora betacei,2714593,270.9,GCA_011320135.1,51,Solanum betaceum,Leaf,Southern & central Colombia,Late blight on tree tomato,Hemibiotrophic,"NCBI, https://www.researchgate.net/publication/322890893_Phytophthora_betacei_a_new_species_within_Phytophthora_clade_1c_causing_late_blight_on_Solanum_betaceum_in_Colombia",https://www.ncbi.nlm.nih.gov/datasets/genome/GCA_011320135.1/
Phytophthora bilorbang,1197710,NA,NA,NA,Rubus anglocandicans,Plant,Australia,root rot ,Hemibiotrophic,ITP,https://idtools.org/phytophthora/index.cfm?packageID=1131&entityID=5019
Phytophthora bishii,1880901,NA,NA,NA,Fragaria X ananassa,Plant,"North Carolina, USA","root rot, fewer side shoots, small leaves",Hemibiotrophic,ITP,https://idtools.org/phytophthora/index.cfm?packageID=1131&entityID=5020
Phytophthora boehmeriae,109152,52.1,GCA_011947355.1,51.5,"Citrus, black wattle, yellow pine",Plant,Taiwan,"Foliar blight of ramie and pepper, boll rot of cotton, gummosis in black wattle, root/brown rot in citrus and pine",Hemibiotrophic,"NCBI, https://forestphytophthoras.org/species/boehmeriae?",https://www.ncbi.nlm.nih.gov/datasets/genome/GCA_011947355.1/
Phytophthora boodjera,1785729,NA,NA,NA,Eucalyptus species,Plant,Western Australia,"dieback, damping off disease of young seedlings",Hemibiotrophic,ITP,https://idtools.org/phytophthora/index.cfm?packageID=1131&entityID=5022
Phytophthora borealis,1185512,NA,NA,NA,N/A found in water,Plant,Alaska,N/A,NA,ITP,https://idtools.org/phytophthora/index.cfm?packageID=1131&entityID=5023
Phytophthora botryosa,129348,NA,NA,NA,"Hevea brasiliensis (Euphorbiaceae), Cocos nucifera (Palmae), Vanilla sp. (Orchidaceae)",Plant,Asia,leaf fall and black stripe of Hevea rubber,NA,ITP,https://idtools.org/phytophthora/index.cfm?packageID=1131&entityID=5024
Phytophthora brassicae ,187813,72.8,GCA_024679045.1,48.5,Arabidopsis thaliana,Plant,Netherlands,"Root, crown, and leafy infections in Brassica crops",Hemibiotrophic,"NCBI, https://idtools.org/phytophthora/index.cfm?entityID=5025&packageID=1131",https://www.ncbi.nlm.nih.gov/datasets/genome/GCA_024679045.1/
Phytophthora cactorum,29920,67.5,GCA_030374175.1,51.5,Fragaria × ananassa (strawberry); Betula pendula,Plant,Global (Finnish studies cited),Crown & leather rot in strawberry; root/collar rot in birch,Hemibiotrophic,NCBI,https://www.ncbi.nlm.nih.gov/datasets/genome/GCA_016864655.1/
Phytophthora cajani,129349,64.8,GCA_024679175.1,54,"Cajanus cajan, cajanus scarabaeoides var. scarabaeoides",Plant (crop),India,"Water-soaked lesions, dark lesions in stem","Homotallic, hemibiotrophic","NCBI, https://apsjournals.apsnet.org/doi/10.1094/PHP-04-18-0014-DG",https://www.ncbi.nlm.nih.gov/datasets/genome/GCA_024679175.1/
Phytophthora cambivora,53983,230.6,GCA_000443045.1,53.5,Castanea sativa; Quercus spp.; Fagus sylvatica,Forest and fruit trees,Europe/North America,Ink disease of chestnut; root/collar rots; stem cankers,Hemibiotrophic,NCBI; IMA Fungus article,https://www.ncbi.nlm.nih.gov/datasets/genome/GCA_000443045.1/
Phytophthora capsici,4784,78.8,GCA_030324255.1,51.0,Capsicum spp.; many vegetables,Plant,USA: New Mexico; now widespread,"Phytophthora blight (root, crown, stem, foliage, fruit rot, damping-off)",Hemibiotrophic,NCBI; reviews,https://www.ncbi.nlm.nih.gov/datasets/genome/GCA_030324255.1/
Phytophthora captiosa,360400,NA,NA,NA,"Eucalyptus botryoides, Eucalyptus saligna (Myrtaceae)",Plant,New Zealand,associated with crown disease; causes premature leaf drop and twig dieback upon inoculation,Hemibiotrophic,ITP,https://idtools.org/phytophthora/index.cfm?packageID=1131&entityID=5032
Phytophthora castanetorum,1985165,69.8,GCA_014706115.1,50.5,Castanea sativa (Fagaceae),Forest tree,Europe,Pathogenic to roots in pathogenicity tests,Hemibiotrophic,"NCBI, https://idtools.org/phytophthora/index.cfm?entityID=5035&packageID=1131",https://www.ncbi.nlm.nih.gov/datasets/genome/GCA_014706115.1/
Phytophthora chesapeakensis,1857252,NA,NA,NA,NA,NA,N/A,NA,Hemibiotrophic,IDtools,https://idtools.org/phytophthora/index.cfm?packageID=1131&entityID=5038
Phytophthora chlamydospora,1692154,45.3,GCA_012295415.1,55.5,Prunus dulcis,Trees,Turkey,Crown and root rot of almond,Hemibiotrophic,"NCBI, https://apsjournals.apsnet.org/doi/10.1094/PDIS-10-19-2072-PDN",https://www.ncbi.nlm.nih.gov/datasets/genome/GCA_012295415.1/
Phytophthora chrysanthemi,638948,NA,NA,NA,Chysanthemum (Asteraceae),Plant,"Asia (Japan), Europe (Croatia, Germany), North America (USA)",stem and root rot,Hemibiotrophic,ITP,https://idtools.org/phytophthora/index.cfm?packageID=1131&entityID=5041
Phytophthora cichorii,1320215,NA,NA,NA,Cichorium intybus (Asteraceae),Plant,"Europe (Great Britain, Netherlands)",Stem and root rot,Hemibiotrophic,ITP,https://idtools.org/phytophthora/index.cfm?packageID=1131&entityID=5042
Phytophthora cinnamomi,4785,109.7,GCF_018691715.1,54.0,Persea americana; Castanea sativa,Trees,Global (probable SE Asia origin),Root rot; stem cankers; foliar wilt; dieback,Hemibiotrophic,NCBI; review articles,https://www.ncbi.nlm.nih.gov/datasets/genome/GCF_018691715.1/
Phytophthora citricola	,53984,50.3,GCA_007655245.1,52,Citrus trees,Fruit trees; woody ornamentals,Taiwan,"brown rot of oranges, black root of hops, root rot and cane die-back of raspberry, die-back of rhododendron, and basal rot of tomato seedlings",Hemibiotrophic,"NCBI, https://idtools.org/phytophthora/index.cfm?entityID=5044&packageID=1131",https://www.ncbi.nlm.nih.gov/datasets/genome/GCA_007655245.1/
Phytophthora citrophthora,4793,48.4,GCA_031305395.1,50.5,Citrus sinensis and mandarins,Citrus trees,California; widespread in citrus regions,Brown rot of fruit; root rot of seedlings,Hemibiotrophic,NCBI,https://www.ncbi.nlm.nih.gov/datasets/genome/GCA_031305395.1/
Phytophthora citrophthora,4793,48.4,GCA_031305395.1,50.5,"Sweet orange (Citrus sinensis) fruits, roots, and soil, and mandarin orange",Citrus trees,California,"Brown rot of citrus fruits, 
Root rot of young seedlings",Soil-borne pathogen,NCBI,https://www.ncbi.nlm.nih.gov/datasets/genome/GCA_031305395.1/
Phytophthora clandestina,89334,NA,NA,NA,"Trifolium subterraneum (subterranean clover, Fabaceae); Medicago spp.",Plant,Australia,major root rot pathogen of subterranean clover,Hemibiotrophic,ITP,https://idtools.org/phytophthora/index.cfm?packageID=1131&entityID=5046
Phytophthora cocois,1642464,NA,NA,NA,"frond death, wilting, fruit rot, tree death",Plant,"Hawaii, Africa (Ivory Coast)","frond death, wilting, fruit rot, tree death",Hemibiotrophic,ITP,https://idtools.org/phytophthora/index.cfm?packageID=1131&entityID=5047
Phytophthora colocasiae,129350,92.5,GCA_018806915.1,51.0,Taro (Colocasia esculenta),Plant,South & Southeast Asia and the Pacific; now widespread across tropical/subtropical regions,Taro blight,Hemibiotrophic,NCBI,https://www.ncbi.nlm.nih.gov/datasets/genome/GCA_018806915.1/
Phytophthora condilina,2054051,NA,NA,NA,NA,Plant,Australia,NA,Hemibiotrophic,ITP,https://idtools.org/phytophthora/index.cfm?packageID=1131&entityID=5049
Phytophthora constricta,929565,84.7,GCA_011947335.1,52,"Banksias spp., Hakea spp., Adenanthos spp., and Isopogon spp.",Plant,Australia,Root and collar rot,Hemibiotrophic,NCBI,https://www.ncbi.nlm.nih.gov/datasets/genome/GCA_011947335.1/
Phytophthora cooljarloo,2054052,NA,NA,NA,Hibbertia species,Plant,Australia,NA,NA,ITP,https://idtools.org/phytophthora/index.cfm?packageID=1131&entityID=5051
Phytophthora crassamura,1771973,80.3,GCA_033557995.1,53,"Juniperus phoenicea (Cupressaceae), Picea abies (Pinaceae), Castanea sativa (Fagaceae)",Plant,"Europe (Italy, Turkey)",Root and collar rot,Hemibiotrophic,NCBI,https://www.ncbi.nlm.nih.gov/datasets/genome/GCA_033557995.1/
Phytophthora cryptogea,4786,63.8,GCA_000468175.1,52.5,"Grandiflora petunia, tulips, chestnuts and tomatoes",Plant,Worldwide,"Root shot, foot rot, root system rot and plant collapse",hemibiotrophic,NCBI,http://ncbi.nlm.nih.gov/datasets/genome/GCA_000468175.2/
Phytophthora cuyabensis,445396,NA,NA,NA,NA,Plant,Ecuador,NA,NA,PD,https://phytophthoradb.org/species_detail/294354
Phytophthora cyperi,1273180,NA,NA,NA,"Cyperus bulbosus (Cyperaceae), Digitaria ciliaris (Poaceae)",Plant,"Africa (Sudan), Asia, Europe (UK), North America (USA: TX, SC)",brown leaf spot and blight,hemibiotrophic,ITP,https://idtools.org/phytophthora/index.cfm?packageID=1131&entityID=5201
Phytophthora dauci,1320216,NA,NA,NA,Daucus carota (Apiaceae),Plant,"Australia, France",leaf blight,hemibiotrophic,ITP,https://idtools.org/phytophthora/index.cfm?packageID=1131&entityID=5054
Phytophthora drechsleri	,4794,NA,NA,NA,multiple hosts. 113 genera in 40 families,Plant,Cosmopolitain,"root pathogen but also attacks ripening fruit for various crops; root rot, bark canker, fruit rot, stem rot, seedling blight",hemibiotrophic,IDtools,https://idtools.org/phytophthora/index.cfm?packageID=1131&entityID=5056
Phytophthora elongata,905063,46.3,GCA_042082345.1,51.5,"Eucalyptus marginata, Corymbia calophylla, Banksia grandis, Leucopogon propinquus, Dryandra squarrosa, Xanthorrhoea preissii, X. gracilis and Patersonia xanthina; wide host range",Plant,Australia (Western Australia and Victoria),"wilting, dieback",Hemibiotrophic,NCBI,https://www.ncbi.nlm.nih.gov/datasets/genome/GCA_042082345.1/
Phytophthora erythroseptica	,111171,NA,NA,NA,Solanaceae; also on 15 other genera in 10 other families,Plant,Cosmopolitain,"Pink rot of potato tubers,root rot, also damping-off, seedling rot, wilt crown rot, leaf and petiole blight.",Hemibiotrophic,IDtools,https://idtools.org/phytophthora/index.cfm?packageID=1131&entityID=5059
Phytophthora estuarina,1862604,NA,NA,NA,"Laguncularia racemosa (Combretaceae), Sorghum sp. (Poaceae), Rhizophora mangle (Rhizophoraceae)",Plant,South America (Brazil),leaves seeds related,Hemibiotrophic,ITP,https://idtools.org/phytophthora/index.cfm?packageID=1131&entityID=5060
Phytophthora europaea,180900,58.7,GCA_030463285.1,53,"Quercus spp. (Fagaceae), Alnus rubra (Betulaceae)",Plant,"Europe (France, Germany), North America (USA)","weakly aggressive to seedlings, isolated from necrotic lesion on alder root",Hemibiotrophic,NCBI,https://www.ncbi.nlm.nih.gov/datasets/genome/GCA_030463285.1/
Phytophthora fallax,360399,NA,NA,NA,Eucalyptus spp. (Myrtaceae),Plant,"Australia, New Zealand",Crown disease,Hemibiotrophic,ITP,https://idtools.org/phytophthora/index.cfm?packageID=1131&entityID=5062
Phytophthora flexuosa,1861859,61.3,GCA_042082425.1,53.5, Fagus hayatae (Fagaceae),Plant,Asia (Taiwan),No disease,NA,NCBI,https://www.ncbi.nlm.nih.gov/datasets/genome/GCA_042082425.1/
Phytophthora fluvialis,1049592,NA,NA,NA,Known only from water,NA,Western Australia,No disease,NA,ITP,https://idtools.org/phytophthora/index.cfm?packageID=1131&entityID=5064
Phytophthora foliorum,415976,48.9,GCA_024679135.1,53,Rhododendron spp. (Ericaceae),Plant,North America,Leaf spots,Hemibiotrophic,NCBI,https://www.ncbi.nlm.nih.gov/datasets/genome/GCA_024679135.1/
Phytophthora formosa,1913598,77.2,GCA_042082445.1,53.5,"Araucaria cunninghamii (Araucariaceae), Quercus glandulifera (Fagaceae)",Plant,Asia (Taiwan),No disease,Hemibiotrophic,NCBI,https://www.ncbi.nlm.nih.gov/datasets/genome/GCA_042082445.1/
Phytophthora fragariae,53985,93.7,GCA_009729435.1,53.5,Fragaria spp.,Plant,Europe/North America,Red core (root) disease of strawberry,Hemibiotrophic,NCBI,https://www.ncbi.nlm.nih.gov/datasets/genome/GCA_009729435.1/
Phytophthora fragariaefolia,1490495,86,GCA_030267785.1,53,"Fragaria x ananassa (Rosaceae), Fraxinus excelsior (Oleaceae)",Plant,"Asia (Japan), Europe (Poland)",crown rot,Hemibiotrophic,NCBI,https://www.ncbi.nlm.nih.gov/datasets/genome/GCA_030267785.1/
Phytophthora frigida,669489,NA,NA,NA,"Acacia decurrens, A. mearnsii (Fabaceae), Eucalyptus smithii (Myrtaceae)",Plant,"Africa (South Africa), South America (Brazil), Australia",Eucalyptus collar and root rot,Hemibiotrophic,ITP,https://idtools.org/phytophthora/index.cfm?packageID=1131&entityID=5069
Phytophthora gallica,359324,NA,NA,NA,Quercus robur,Plant,"Europe, North America",no pathogenicity trials have been conducted,NA,ITP,https://idtools.org/phytophthora/index.cfm?packageID=1131&entityID=5070
Phytophthora gemini,565057,NA,NA,NA,Zostera marina,Plant,"Europe, North America",rotten leaves,NA,ITP,https://idtools.org/phytophthora/index.cfm?packageID=1131&entityID=5071
Phytophthora gibbosa,880411,108.5,GCA_042082505.1,57,"Acacia pycnantha, Xanthorrhoea gracilis, Grevillea sp.",Plant,Australia,no pathogenicity trials have been conducted,NA,NCBI,https://www.ncbi.nlm.nih.gov/datasets/genome/GCA_042082505.1/
Phytophthora glovera,132615,NA,NA,NA,Nicotiana tabacum (Solanaceae),Plant,South America (Brazil),"root rot, stunting",Hemibiotrophic,ITP,https://idtools.org/phytophthora/index.cfm?packageID=1131&entityID=5073
Phytophthora gonapodyides	,78237,61.1,GCA_012295475.1,55.5,"Malus spp. (Rosaceae),Pseudotsuga menziesii (Douglas fir), Abies spp., and Tsuga mertensiana (mountain hemlock)",Plant,"North America (USA), Europe, Australia, New Zealand, and South America (Chile)",root rot; a minor pathogen,Hemibiotrophic,NCBI,https://www.ncbi.nlm.nih.gov/datasets/genome/GCA_012295475.1/
Phytophthora gondwanensis,2017144,NA,NA,NA,"Australian native flora, unknown but broad",Plant and water mold,Australia,no pathogenicity trials have been conducted,NA,ITP,https://idtools.org/phytophthora/index.cfm?packageID=1131&entityID=5075
Phytophthora gregata,880412,51.9,GCA_042082525.1,56,"Patersonia sp., Xanthorrhoea preissii, Hakea sp.and Pinus radiata.",Plant,"Australia, North America",no pathogenicity trials have been conducted,Hemibiotrophic,NCBI,https://www.ncbi.nlm.nih.gov/datasets/genome/GCA_042082525.1/
Phytophthora hedraiandra	,295481,61.3,GCA_042082605.1,51,"Viburnum sp. (Adoxaceae), Rhododendron sp. (Ericaceae)",Plant,"Europe (Hungary, Netherlands, UK), North America","leaf spot, dieback, root rot, collar rot",Hemibiotrophic,NCBI,https://www.ncbi.nlm.nih.gov/datasets/genome/GCA_042082605.1/
Phytophthora heveae,129351,NA,NA,NA,Hevea brasiliensis (Euphorbiaceae) Rhododendron (Ericaceae) and Cocos nucifera (Arecaceae),Plant,"Asia, Australia, North America , South America (Brazil)","rot, leaf blight and stem canker",Hemibiotrophic,IDtools,https://idtools.org/phytophthora/index.cfm?packageID=1131&entityID=5079
Phytophthora hibernalis,175300,84.5,GCA_012656075.1,51.5,Citrus spp. (Rutaceae),Plant,Worldwide,brown rot of fruit; leaf and twig blight,Hemibiotrophic,NCBI,https://www.ncbi.nlm.nih.gov/datasets/genome/GCA_012656075.1/
Phytophthora himalayensis (old version of Phytophthora erythroseptica),707996,NA,NA,NA,Solanaceae; also on 15 other genera in 10 other families,Plant,Cosmopolitain,"Pink rot of potato tubers,root rot, also damping-off, seedling rot, wilt crown rot, leaf and petiole blight.",Hemibiotrophic,IDtools,https://idtools.org/phytophthora/index.cfm?packageID=1131&entityID=5059
Phytophthora himalsilva,928215,NA,NA,NA,"Quercus leucotrichophora, Castanopsis (Fagaceae); Carpinus (Betulaceae); Cupressus (Cupressaceae)",Plant,Asia (Nepal),no pathogenicity trials have been conducted,N/A,ITP,https://idtools.org/phytophthora/index.cfm?packageID=1131&entityID=5081
Phytophthora humicola,129352,95.4,GCA_042082705.1,54,Isolated from soil,Plant,Taiwan,"Pathogenic to apple and cucumber, but not orange or eggplant, after wound inoculation.",Hemibiotrophic,NCBI,https://www.ncbi.nlm.nih.gov/datasets/genome/GCA_042082705.1/
Phytophthora hydrogena,1286608,NA,NA,NA,Isolated from water,NA,North America (USA: VA),NA,NA,ITP,https://idtools.org/phytophthora/index.cfm?packageID=1131&entityID=5083
Phytophthora hydropathica,NA,NA,NA,NA,"Catawba rhododendron (Rhododendron catawbiense), English Roseum rhododendron, mountain laurel (Kalmia latifolia), and Laurustinus (Viburnum tinus)",Plant,"USA, Europe","Leaf necrosis, shoot blight, collar rot",Hemibiotrophic,Plant Pathology,https://bsppjournals.onlinelibrary.wiley.com/doi/full/10.1111/j.1365-3059.2010.02323.x
Phytophthora idaei,53986,60.5,GCA_016880985.1,51,"Rubus idaeus (red raspberry, Rosaceae)",Plant,Europe (UK),Root rot,Hemibiotrophic,"NCBI, https://www.idtools.org/tools/1056/index.cfm?packageID=1131&entityID=5085",https://www.ncbi.nlm.nih.gov/datasets/genome/GCA_016880985.1/
Phytophthora ilicis,89335,NA,NA,NA,"Ilex aquifolium, Ilex spp. (Aquifoliaceae)",Plant,"Europe (Italy, France, UK), North America (Canada, USA)","leaf and twig blight, bleeding canker",Hemibiotrophic,IDtools,https://idtools.org/phytophthora/index.cfm?packageID=1131&entityID=5086
Phytophthora infestans,4787,228.5,GCF_000142945.1,51.0,"Theobroma cacao, Solanum tuberosum, S. lycopersicum, S. muricatum",Plant,South America (origin); worldwide disease impact,Potato late blight; downy mildews,Hemibiotrophic,NCBI,https://www.ncbi.nlm.nih.gov/datasets/genome/GCF_000142945.1/
Phytophthora inflata,129353,NA,NA,NA,Ulmus spp. (Ulmaceae),Plant,"Europe (England), North America (Canada, USA)",pit canker,Hemibiotrophic,IDtools,https://idtools.org/phytophthora/index.cfm?packageID=1131&entityID=5201
Phytophthora insolita,127442,NA,NA,NA,"Rhododendron sp. (Ericaceae);  Citrus spp.,  Malus domestica (apple, Rosaceae) and Cucumis sativus (cucumber, Cucurbitaceae)",,Taiwan,foliar necrotic lesions and twig dieback,Necrotrophic,IDtools,https://idtools.org/tools/1056/index.cfm?packageID=1131&entityID=5088
Phytophthora intercalaris,1747825,NA,NA,NA,isolated from stream and irrigation water,NA,USA,NA,NA,IDtools,https://idtools.org/phytophthora/index.cfm?packageID=1131&entityID=5090
Phytophthora intricata,1861860,69.5,GCA_042082625.1,53.5,"Quercus tarokoensis trees, Castanea sativa, Fagus sylvatica",Forest trees,Taiwan,"Root rotr, reduction of fine root and shoot weight","Hemibiotrophic, opportunistic pathogen",NCBI,https://www.ncbi.nlm.nih.gov/datasets/genome/GCA_042082625.1/
Phytophthora inundata,244122,NA,NA,NA,"esculus hippocastanum (chestnut, Sapindaceae), Medicago (alfalfa, Fabaceae), Olea (olive, Oleaceae), Salix (willow, Salicaceae) and Vitis (grapevine, Vitaceae)",Plant,"Europe, Asia ",root and collar rot,Hemibiotrophic,IDtools,https://idtools.org/phytophthora/index.cfm?packageID=1131&entityID=5092
Phytophthora ipomoeae,283007,NA,NA,NA,"Ipomoea longipedunculata, Ipomoea purpurea (Convolvulaceae)",plant,Mexico,leaf blight,Hemibiotrophic,IDtools,https://idtools.org/phytophthora/index.cfm?packageID=1131&entityID=5093
Phytophthora iranica,67592,NA,NA,NA,"olanum melongena (eggplant); Solanum tuberosum (potato), Solanum lycopersicum (tomato), all Solanaceae, and Beta vulgaris (sugar beet, Chenopodiaceae)",plant,Iran,"oot and stem rot, tuber soft rot",Hemibiotrophic,IDtools,https://idtools.org/tools/1056/index.cfm?packageID=1131&entityID=5094
Phytophthora irrigata,565287,NA,NA,NA,Rhododendron spp. ,Plant,USA,Not directly associated with visible disease symptoms,NA,IDtools,https://idtools.org/phytophthora/index.cfm?packageID=1131&entityID=5095
Phytophthora katsurae	,129354,NA,NA,NA,"Castanea (chestnuts), Castanea crenata (Japanese chestnut),Cocos nucifera (coconut), Theobroma cacao (cocoa)",Plant,"North America, China, Japan, Australia","Lesions, discolouration, rot",Hemibiotrophic,PlantwisePlus Knowledge Bank,https://plantwiseplusknowledgebank.org/doi/full/10.1079/pwkb.species.40971
Phytophthora kelmanii,2805668,NA,NA,NA,"broad, including Abies spp., Picea spp., native ecosystems, numerous ornamentals, tree crops",plant,cosmopolitan,root rot,Hemibiotrophic,IDtools,https://idtools.org/tools/1056/index.cfm?packageID=1131&entityID=5097
Phytophthora kernoviae,325452,41.9,GCA_008080845.1,50.5,Rhododendron spp. (Ericaceae),Plant,South-west england ,"bark necrosis and canker and bleeding stem lesions, especially on aerial stems; pathogenicity confirmed by inoculation studies; also associated with shoot dieback, foliar necroses, and wilting of rhododendron",Necrotrophic,NCBI,https://www.ncbi.nlm.nih.gov/datasets/genome/GCA_008080845.1/
Phytophthora kwongonina,2054053,NA,NA,NA,"Banksia prionotes, Banksia grandis, and Xanthorrhoea platyphylla.",Plant and water mold,Australia,"root rot, dieback, and wilting",Hemibiotrophic,IDtools,https://idtools.org/phytophthora/index.cfm?packageID=1131&entityID=5099
Phytophthora lactucae,1320217,NA,NA,NA,Lactuca sativa (Asteraceae),plant,Europe (Greece),no pathogenicity trials have been conducted,Hemibiotrophic,IDtools,https://idtools.org/tools/1056/index.cfm?packageID=1131&entityID=5100
Phytophthora lacustris,1190534,NA,NA,NA,"Alnus spp. (Betulaceae), Salix sp. (Salicaceae), Prunus sp. (Rosaceae)  Phragmites australis (Poaceae).",plant,widespread,"root rot, discoloration; weak bark pathogen",Hemibiotrophic,IDtools,https://idtools.org/phytophthora/index.cfm?packageID=1131&entityID=5101
Phytophthora lateralis	,129355,52.4,GCA_000500205.2,53.5,"Chamaecyparis lawsoniana (Lawson cypress aka Port Orford cedar), C. lateralis (Cupressaceae), rarely, Taxus brevifolia (Pacific yew, Taxaceae). ",plant,widespread,"root and crown rot, girdling, death",Necrotrophic,NCBI,https://www.ncbi.nlm.nih.gov/datasets/genome/GCA_000500205.2/
Phytophthora lilii,2077276,49.5,GCA_030267725.1,53, Lilium longiflorum (Liliaceae),Plant,Japan ,Stem blight,Hemibiotrophic,NCBI,https://www.ncbi.nlm.nih.gov/datasets/genome/GCA_030267725.1/
Phytophthora litchii,100870,38.2,GCA_002812785.1,49,Litchi chinensis (Sapindaceae),Plant,"Asia, Europe",Blossom blight,Hemibiotrophic,NCBI,https://www.ncbi.nlm.nih.gov/datasets/genome/GCA_002812785.1/
Phytophthora litoralis,977741,79,GCA_042082645.1,55.5,"Banksia sp. (Proteaceae), Xanthorrhoea preissii (Asphodelaceae), Rubus anglocandicans (Rosaceae)",Plant,Australia ,Decline and dieback,Hemibiotrophic,NCBI,https://www.ncbi.nlm.nih.gov/datasets/genome/GCA_042082645.1/
Phytophthora macilentosa,1401296,NA,NA,NA,Isolated from water,NA,USA,NA,NA,IDtools,https://idtools.org/tools/1056/index.cfm?packageID=1131&entityID=5107
Phytophthora macrochlamydospora,67591,69.9,GCA_011947325.1,54,"Glycine max (soybean, Fabaceae)",Plant,Australia,Stem and root rot,Hemibiotrophic,NCBI,https://www.ncbi.nlm.nih.gov/datasets/genome/GCA_011947325.1/
Phytophthora meadii,192975,58.7,GCA_032432875.1,50.5,"Hevea spp. (rubber, Euphorbiaceae)",Plant,"Asia, Australia, Europe ","Abnormal fall of rubber, stem rot, fruit rot",Hemibiotrophic,NCBI,https://www.ncbi.nlm.nih.gov/datasets/genome/GCA_032432875.1/
Phytophthora mediterranea,2823906,NA,NA,NA,Myrtus communis,plant,Italy,"wilting foliage, chlorosis, stunted growth and sudden death symptoms in nurseries",Hemibiotrophic,IDtools,https://idtools.org/tools/1056/index.cfm?packageID=1131&entityID=5112
Phytophthora megakarya,4795,101.5,GCA_002215365.1,49.0,Theobroma cacao,Plant,West and Central Africa,Black pod disease of cacao (severe),Hemibiotrophic,NCBI,https://www.ncbi.nlm.nih.gov/datasets/genome/GCA_002215365.1/
Phytophthora megasperma,4788,NA,NA,NA,Fabaceae,Plant,Cosmopolitain,"root rot, also crown rot, storage rot, seedling damping-off, fruit rot, foot rot, stem canker, tuber rot, collar rot, sudden wilt, apoplexy, stunting, chlorosis",Hemibiotrophic,IDtools,https://idtools.org/phytophthora/index.cfm?packageID=1131&entityID=5114
Phytophthora melonis,120023,105,GCA_024211575.1,55,Cucumber and other cucurbits,Plant,Asia,"root collar rotn stem lesions, fruit rot, foliar blight, crown rot disease",Hemibiotrophic,NCBI,https://www.ncbi.nlm.nih.gov/datasets/genome/GCA_024211575.1/
Phytophthora mengei,658426,NA,NA,NA,Persea americana (Lauraceae),plant,North America (USA: CA),canker,Hemibiotrophic,ITP,https://idtools.org/phytophthora/index.cfm?packageID=1131&entityID=5117
Phytophthora mexicana,459882,NA,NA,NA,Solanum lycopersicum (Solanaceae),Plant,"North America (Mexico, type); possibly introduced from the Netherlands",fruit rot; also black wilt and damping off,Hemibiotrophic,ITP,https://idtools.org/phytophthora/index.cfm?packageID=1131&entityID=5118
Phytophthora mirabilis,129356,NA,NA,NA,Mirabilis jalapa (Nyctaginaceae),Plant,North America (Mexico),leaf blight,Hemibiotrophic,ITP,https://idtools.org/phytophthora/index.cfm?packageID=1131&entityID=5119
Phytophthora mississippiae,1396423,NA,NA,NA,isolated from irrigation water,Plant,North America (USA: MS),no pathogenicity trials have been conducted,water,ITP,https://idtools.org/phytophthora/index.cfm?packageID=1131&entityID=5120
Phytophthora morindae,581215,NA,NA,NA,Morinda citrifolia var. citrifolia (Rubiaceae),Plant,North America,black flag disease,Hemibiotrophic,ITP,https://idtools.org/phytophthora/index.cfm?packageID=1131&entityID=5121
Phytophthora moyootj,1577959,NA,NA,NA,Isolated from soil,Plant,Australia,no pathogenicity trials have been conducted,NA,ITP,https://idtools.org/phytophthora/index.cfm?packageID=1131&entityID=5122
Phytophthora multivesiculata,129357,NA,NA,NA,Cymbidium sp. (Orchidaceae),Plant,"Australia, Europe (the Netherlands, type)","leaf and stem rot, bulb rot",Hemibiotrophic,ITP,https://idtools.org/phytophthora/index.cfm?packageID=1131&entityID=5125
Phytophthora multivora,596104,40.1,GCA_001314345.1,52,woody trees,Plant,Western Australia,fine feeder root damage and stem girdling lesions,Hemibiotrophic,NCBI,https://www.ncbi.nlm.nih.gov/datasets/genome/GCA_001314345.1/
Phytophthora nagaii,1525714,91.7,GCA_042082865.1,53,Rosa odorata,Plant,Japan,"blight, wilting, yellowing, defoliation",Hemibiotrophic,NCBI,https://www.ncbi.nlm.nih.gov/datasets/genome/GCA_042082865.1/
Phytophthora nemorosa,239968,NA,NA,NA,"various families, including the Fagaceae Lithocarpus densiflorus (tanoak) and Quercus agrifolia (live oak)",Plant,"North America (CA, OR)","lethal bole canker of oaks, foliar necrosis. It co-occurs with Phytophthora ramorum, but is often associated with a single tree rather than patch mortality",Necrotrophic,ITP,https://idtools.org/phytophthora/index.cfm?packageID=1131&entityID=5128
Phytophthora nicotianae	,4792,NA,NA,NA,wide host range; 255 genera in 90 families,Plant,Cosmopolitain,"black shank of tobacco, damping-off, crown rot, leaf blight, fruit rot",Hemibiotrophic,IDtools,https://idtools.org/phytophthora/index.cfm?packageID=1131&entityID=5129
Phytophthora niederhauserii,2651253,90.2,GCA_024679275.1,54,Hedera helix (Araliaceae) and Cistus salvifolius (Cistaceae),Plant,widespread,"rots, chlorosis, wilting, cankers, leaf blight",Hemibiotrophic,NCBI,https://www.ncbi.nlm.nih.gov/datasets/genome/GCA_024679275.1/
Phytophthora obscura,1104319,NA,NA,NA,"Aesculus hippocastanum (Sapindaceae), Pieris sp., Kalmia latifolia (Ericaceae)",Plant,"North America (USA: OR), Europe (Germany)","leaf blight, canker ",Hemibiotrophic,ITP,https://idtools.org/phytophthora/index.cfm?packageID=1131&entityID=5131
Phytophthora occultans,1385620,NA,NA,NA,"Ceanothus spp. (Rhamnaceae), Buxus sp. (Buxaceae), Rhododendron, Gaultheria shallon, Arctostaphylos uva-ursi (Ericaceae), Mahonia nervosa (Berberidaceae)",Plant,"Europe (Germany, Netherlands, Romania), North America (USA: OR)","wilting, stem lesions, root rot",Hemibiotrophic,ITP,https://idtools.org/phytophthora/index.cfm?packageID=1131&entityID=5132
Phytophthora oleae,2107226,43.7,GCA_046127205.1,52,Olea europaea,Plant,Europe (Italy),fruit rot of olive,Hemibiotrophic,NCBI,https://www.ncbi.nlm.nih.gov/datasets/genome/GCA_046127205.1/
Phytophthora ornamentata,1696062,67.2,GCA_042082885.1,55,Pistacia lentiscus (Anacardiaceae),Plant,Europe (Italy),Rot,Hemibiotrophic,NCBI,https://www.ncbi.nlm.nih.gov/datasets/genome/GCA_042082885.1/
Phytophthora pachypleura,1380738,NA,NA,NA,Aucuba japonica (Garryaceae),Plant,"Europe (Italy, UK)",root rot,N/A roots,ITP,https://idtools.org/phytophthora/index.cfm?packageID=1131&entityID=5136
Phytophthora palmivora,4796,107.8,GCA_002911725.1,49.0,Theobroma cacao,Plant,Africa; South America; Asia,Black pod rot and diverse diseases across hosts,Hemibiotrophic,NCBI,https://www.ncbi.nlm.nih.gov/datasets/genome/GCA_002911725.1/
Phytophthora parasitica,1608451,55.23,GCA_000365505.1,"49,50%","citrus, tomato, tobacco, avocado, strawberry, cotton, eggplant, guava, papaw, parsley, pineapple, rhubarb, sesame, lucerne (alfalfa), and Cinchona species",Plant,North America,"amping-off of seedlings, root rot, crown rot, brown stem rot of tobacco, stem canker and tip blight, leaf blight, and fruit rot",Hemibiotrophic,NCBI,https://www.ebi.ac.uk/ena/browser/view/GCA_000365505.1
Phytophthora parsiana,544909,NA,NA,NA,associated with diverse hardwoods,Plant,widespread,crown rot,Hemibiotrophic,ITP,https://idtools.org/phytophthora/index.cfm?packageID=1131&entityID=5139
Phytophthora parvispora,540036,46.8,GCA_024679295.1,53.5,Diverse,Plant,"Europe (Germany, Italy, Portugal), South Africa, South America (Brazil), Taiwan","collar and stem rot, dieback",Hemibiotrophic,NCBI,https://www.ncbi.nlm.nih.gov/datasets/genome/GCA_024679295.1/
Phytophthora phaseoli,129358,NA,NA,NA," Phaseolus lunatus (also reported as P. limensis) (lima beans, Fabaceae)",Plant,"Africa (Congo, Zaire), Asia (Philippines, Sri Lanka, Russia), Europe (Italy, Romania), North America (Mexico, USA), Central America and Caribbean Islands, South America (Brazil)",Downy mildew,cool wet conditions,https://www.udel.edu/content/dam/udelImages/canr/factsheets/Downy-mildew-of-lima-bean-3.pdf,https://idtools.org/phytophthora/index.cfm?packageID=1131&entityID=5142
Phytophthora pini	,658425,51.5,GCA_023611945.1,52,Rhododendron x pulchrum,Plant,widespread,Root rot and canker,Hemibiotrophic,NCBI,https://www.ncbi.nlm.nih.gov/datasets/genome/GCA_023611945.1/
Phytophthora pinifolia,538568,94.6,GCA_000500225.2,55.5,Pinus (needles and shoots),Plant,Chile,"needle infections, exudation of resin, necrotic lessions",Necrotrophic,NCBI,https://www.ncbi.nlm.nih.gov/datasets/genome/GCA_000500225.2/
Phytophthora pisi,1131323,58.8,GCA_024679225.1,54.5,Pisum sativum (Fabaceae),Plant,Europe (Sweden),Root rot,Hemibiotrophic,NCBI,https://www.ncbi.nlm.nih.gov/datasets/genome/GCA_024679225.1/
Phytophthora pistaciae,174576,63.1,GCA_024679115.1,54,Pistacia vera,Plant,"Asia (Iran, type)",gummosis,Hemibiotrophic,NCBI,https://www.ncbi.nlm.nih.gov/datasets/genome/GCA_024679115.1/
Phytophthora plurivora,639000,46.9,GCA_030027945.1,52,Beech and Oak ,Plant,"Africa (South Africa), Europe, North America (USA)","dieback, canker, root rot, death",Necrotrophic,NCBI,https://www.ncbi.nlm.nih.gov/datasets/genome/GCA_030027945.1/
Phytophthora pluvialis,1330343,53.6,GCA_001314425.1,54,"Notholithocarpus (Fagaceae), Pinus radiata, Pseudotsuga menziesii (Pinaceae)",Plant,"North America, New Zealand","needle cast, shoot dieback, stem lesions",Hemibiotrophic,NCBI,https://www.ncbi.nlm.nih.gov/datasets/genome/GCA_001314425.1/
Phytophthora podocarpi,1690101,55.6,GCA_001314375.1,51.5,Podocarpus totara,Plant,New Zealand,needle and shoot blight,Hemibiotrophic,NCBI,https://www.ncbi.nlm.nih.gov/datasets/genome/GCA_001314375.1/
Phytophthora polonica,374175,NA,NA,NA,Alnus glutinosa (Betulaceae),Plant,"Europe (Poland), North America (USA: CT)",slight disease on Alnus twigs in experiments,soil and water,ITP,https://idtools.org/phytophthora/index.cfm?packageID=1131&entityID=5150
Phytophthora porri,129359,NA,NA,NA,Allium spp. (Amaryllidaceae),Plant,"Africa (South Africa), Asia (Japan), Australia, Europe, North America (Canada).","leaf blight; shanking; white tip disease; leaf dieback; crown, collar, and root rot",Hemibiotrophic,Plantwise plus knowledge,https://plantwiseplusknowledgebank.org/doi/full/10.1079/pwkb.species.40987
Phytophthora primulae,129360,NA,NA,NA,Primula spp.,Plant,"Europe, New Zealand",brown core root rot,Hemibiotrophic,ITP,https://assets.ippc.int/static/media/uploads/resources/new_pest_response_phytopthora_species_in_the_environment_and_nursery_settings.pdf
Phytophthora pseudocryptogea,1821206,NA,NA,NA,"Banksia cirsioides (Proteaceae), Solanum melongena (Solanaceae), Xanthorrhoea preissii (Asphodelaceae)",Plant,"Asia (Iran), Australia, South America (Ecuador)",root rot,Hemibiotrophic,ITP,https://idtools.org/phytophthora/index.cfm?packageID=1131&entityID=5156
Phytophthora pseudolactucae,2077275,145.3,GCA_042083055.1,48.5,Lactuca sativa (Asteraceae),Plant, Asia (Japan),"stem blight, crown rot",Hemibiotrophic,NCBI,https://www.ncbi.nlm.nih.gov/datasets/genome/GCA_042083055.1/
Phytophthora pseudorosacearum,2054054,NA,NA,NA,NA,Plant,N/A,NA,NA,ITP,https://idtools.org/phytophthora/index.cfm?packageID=1131&entityID=5161
Phytophthora pseudosyringae,221518,48.9,GCA_019155715.1,54.5,"Broadleaf trees (Fagus sylvatica, Alnus glutinosa)",Plant,Europe,necrotic fine roots and stel necroses,Necrotrophic,NCBI,https://www.ncbi.nlm.nih.gov/datasets/genome/GCA_019155715.1/
Phytophthora pseudotsugae,53987,NA,NA,NA,Pseudotsuga menziesii,Plant,"North America (USA: WA, OR)",root rot,Hemibiotrophic,ITP,https://idtools.org/phytophthora/index.cfm?packageID=1131&entityID=5163
Phytophthora psychrophila,180901,NA,NA,NA,Ilex aquifolium and Quercus spp,Plant,"Europe (France, Germany, UK)","only weakly pathogenic in soil infestation tests, but capable of producing necrotic bark lesions on suberized tap roots of Quercus robur seedlings",Necrotrophic,ITP,https://idtools.org/phytophthora/index.cfm?packageID=1131&entityID=5164
Phytophthora quercetorum,459883,NA,NA,NA,"Quercus alba (Fagaceae), Acer rubrum (Sapindaceae), Hedera helix (Araliaceae), Quercus robur",Plant,"North America (USA), Europe",Not directly associated with visible disease symptoms,NA,ITP,https://idtools.org/phytophthora/index.cfm?packageID=1131&entityID=5165
Phytophthora quercina,78236,71.7,GCA_014706105.1,51,Quercus spp. (Fagaceae),Plant,Europe,root rot (necrotic fine roots),Necrotrophic,NCBI,https://www.ncbi.nlm.nih.gov/datasets/genome/GCA_014706105.1/
Phytophthora quininea,134455,87.6,GCA_011947345.1,53.5, Cinchona,Plant,Central and South America,root and collar rot,Hemibiotrophic,NCBI,https://www.ncbi.nlm.nih.gov/datasets/genome/GCA_011947345.1/
Phytophthora ramorum,164328,57.5,GCF_020800215.1,54.5,Quercus agrifolia (coast live oak) and many ornamentals,Plant,USA: California (first detected); Europe & North America,Sudden oak death; foliar blights,Hemibiotrophic,NCBI,https://www.ncbi.nlm.nih.gov/datasets/genome/GCF_020800215.1/
Phytophthora sojae,67593,82.6,GCA_000149755.2,54.5,Glycine max (soybean),Plant,Global (notably in tropics),Soybean root and stem rot,Hemibiotrophic,NCBI,https://www.ncbi.nlm.nih.gov/datasets/genome/GCA_000149755.2/
Phytophthora rhizophorae,1862603,NA,NA,NA,"Rhizophora mangle (Rhizophoraceae), Sorghum sp. (Poaceae)",plant,South America (Brazil),Not directly associated with visible disease symptoms,Hemibiotrophic,ITP,https://idtools.org/phytophthora/index.cfm?packageID=1131&entityID=5169
Phytophthora richardiae,127443,NA,NA,NA," Zantedeschia spp. (Araceae), Robinia (Fabaceae), Asparagus (Asparagaceae), Daucus carota and Solanum lycopersicum",plant,"Asia, Australia, Europe, North America (USA)",root rot,Hemibiotrophic,ITP,https://idtools.org/phytophthora/index.cfm?packageID=1131&entityID=5170
Phytophthora riparia,1185511,NA,NA,NA,N/A,plant, North America,not overly pathogenic. Not associated with disease in riparian ecosystems.,Hemibiotrophic,ITP,https://idtools.org/phytophthora/index.cfm?packageID=1131&entityID=5171
Phytophthora rosacearum,244167,43.1,GCA_042082915.1,54.5,"rosaceous fruit trees (apple, cherry, apricot and peach)",Plant,USA ,Not directly associated with visible disease symptoms,Hemibiotrophic,NCBI,https://www.ncbi.nlm.nih.gov/datasets/genome/GCA_042082915.1/
Phytophthora rubi,129364,79,GCA_000687305.2,53.5,red rasberry,Plant,worldwide,root rot,Hemibiotrophic,NCBI,https://www.ncbi.nlm.nih.gov/datasets/genome/GCA_000687305.2/
Phytophthora sansomeana,555429,74.2,GCA_032158285.1,52.5,"P. sojae, soybean",Plant,"North America (USA), Asia (China)",root rot,Hemibiotrophic,NCBI,https://www.ncbi.nlm.nih.gov/datasets/genome/GCA_032158285.1/
Phytophthora siskiyouensis,436079,NA,NA,NA,native forest mycoflora in SW Oregon,plants,"United States of America, Oregon","associated with cankers, pathogenicity little know",Hemibiotrophic,ITP,https://idtools.org/phytophthora/index.cfm?packageID=1131&entityID=5176
Phytophthora syringae,67594,74.9,GCA_012656105.1,52.5,apple and pear trees,plant,"Africa (Morocco, South, Africa), Australia, Asia (Korea) Europe (Italy), North America (Canada, USA), South America (Argentina, Brazil, Chile)","wig blight, fruit rot, root rot, gummosis of citrus, stem canker, wilt, crown rot, collar rot; downy mildew, leaf spot, and shoot dieback of lilac",Hemibiotrophic,NCBI,https://www.ncbi.nlm.nih.gov/datasets/genome/GCA_012656105.1/
Phytophthora taxon totara,1690101,55.6,GCA_001314375.1,51.5,Podocarpus totara,Plant,New Zealand ,"needle browning, dieback, and the retention of dead, scorched-looking needles on the branches",Hemibiotrophic,NCBI,https://www.ncbi.nlm.nih.gov/datasets/genome/GCA_001314375.1/
Phytophthora tentaculata,129362,109.9,GCA_033557915.1,49,Verbena,plant,"Asia (China), Europe (Italy, Spain, Germany), North America (USA: CA)",root and stem rot,Hemibiotrophic,NCBI,https://www.ncbi.nlm.nih.gov/datasets/genome/GCA_033557915.1/
Phytophthora terminalis,1385621,NA,NA,NA,Pachysandra terminalis,plant,"Europe (Belgium, Netherlands)",root and stem base rot,Hemibiotrophic,ITP,https://idtools.org/phytophthora/index.cfm?packageID=1131&entityID=5183
Phytophthora theobromicola,2811959,NA,NA,NA,Theobroma cacao,Plant,Brazil,"Downy mildew, black pod disease",Hemibiotrophic,ITP,https://idtools.org/phytophthora/index.cfm?entityID=5184&packageID=1131
Phytophthora thermophila,880414,NA,NA,NA,Eucalyptus marginata,plant,Western Australia,no known disease,NA,ITP,https://idtools.org/phytophthora/index.cfm?packageID=1131&entityID=5185
Phytophthora tonkinensis,2925152,NA,NA,NA,no known host,"plant, leef","Vietnam, Sapa",no known disease,NA,ITP,https://idtools.org/phytophthora/index.cfm?packageID=1131&entityID=5186
Phytophthora trifolii,54511,NA,NA,NA,clover (Trifolium vesiculosum),plant ,"United States of America, Mississippi",severe stand-depleting root rot; infection can extend up to the crown,Hemibiotrophic,ITP,https://idtools.org/phytophthora/index.cfm?packageID=1131&entityID=5188
Phytophthora tropicalis	,137729,NA,NA,NA,wide host range; 14 genera in 12 families,Plant,North America and Europ,"Wilt, dieback, shoot death",Hemibiotrophic,ITP,https://idtools.org/phytophthora/index.cfm?packageID=1131&entityID=5189
Phytophthora tubulina,1985166,76.8,GCA_014706135.1,50.5, Fagus sylvatica (Fagaceae),Plant,Europe (Austria),pathogenic to roots,Hemibiotrophic,NCBI,https://www.ncbi.nlm.nih.gov/datasets/genome/GCA_014706135.1/
Phytophthora tyrrhenica,1985167,NA,NA,NA,"Quercus ilex, Q. suber",plant,Italy,pathogenic to roots,Hemibiotrophic,ITP,https://idtools.org/phytophthora/index.cfm?packageID=1131&entityID=5191
Phytophthora uliginosa,180902,57,GCA_024679075.1,53.5,Oak trees (Quercus robur),Plant,Europe,aggressive root rot and dieback of oaks; associated with oak decline,Hemibiotrophic,NCBI,https://www.ncbi.nlm.nih.gov/datasets/genome/GCA_024679075.1/
Phytophthora undulata,127444,NA,NA,NA,Noble fir,Plant,Eurpoe,Root rot,Hemibiotrophic,ITP,https://biostor.org/reference/303478
Phytophthora uniformis,299393,NA,NA,NA,"Alnus spp. (alder, black alder) bark",plant,"France, Spain, Belgium, Slovenia, USA (Alaska and Oregon)",root and collar rot,Hemibiotrophic,ITP,https://idtools.org/phytophthora/index.cfm?packageID=1131&entityID=5194
Phytophthora versiformis,1833877,116.9,GCA_014706215.1,52,Corymbia calophylla,Plant,Western Australia,small lesions on fine roots,Hemibiotrophic,NCBI,https://www.ncbi.nlm.nih.gov/datasets/genome/GCA_014706215.1/
Phytophthora vignae,67595,84.5,GCA_016169955.1,55,"Vigna unguiculata (Vigna sinensis, Fabaceae)",Plant,"Asia, Australia","stems, soil; also leaves, roots",Hemibiotrophic,NCBI,https://www.ncbi.nlm.nih.gov/datasets/genome/GCA_016169955.1/
Phytophthora virginiana,1477121,NA,NA,NA,isolated from irrigation water,Water,"United States of America, Virginia",no known disease,NA,ITP,https://idtools.org/phytophthora/index.cfm?packageID=1131&entityID=5199
Phytophthora vulcanica,1985168,NA,NA,NA,Fagus sylvatica tree,plant,Italy,Roots,Hemibiotrophic,ITP,https://idtools.org/phytophthora/index.cfm?packageID=1131&entityID=5200